--
-- PostgreSQL database dump
--

\restrict EnIpOfP8U12gpe9qijRMhHr6e421mJsmsoGacwQnBTA68zXI7Xc1kN0IYPJhHSk

-- Dumped from database version 16.11 (Ubuntu 16.11-0ubuntu0.24.04.1)
-- Dumped by pg_dump version 16.11 (Ubuntu 16.11-0ubuntu0.24.04.1)

SET statement_timeout = 0;
SET lock_timeout = 0;
SET idle_in_transaction_session_timeout = 0;
SET client_encoding = 'UTF8';
SET standard_conforming_strings = on;
SELECT pg_catalog.set_config('search_path', '', false);
SET check_function_bodies = false;
SET xmloption = content;
SET client_min_messages = warning;
SET row_security = off;

--
-- Name: public; Type: SCHEMA; Schema: -; Owner: postgres
--

-- *not* creating schema, since initdb creates it


ALTER SCHEMA public OWNER TO postgres;

--
-- Name: SCHEMA public; Type: COMMENT; Schema: -; Owner: postgres
--

COMMENT ON SCHEMA public IS '';


SET default_tablespace = '';

SET default_table_access_method = heap;

--
-- Name: Collection; Type: TABLE; Schema: public; Owner: postgres
--

CREATE TABLE public."Collection" (
    id integer NOT NULL,
    user_id integer NOT NULL,
    col_uri text NOT NULL,
    address text,
    "createdAt" timestamp(3) without time zone DEFAULT CURRENT_TIMESTAMP NOT NULL,
    changed boolean DEFAULT true
);


ALTER TABLE public."Collection" OWNER TO postgres;

--
-- Name: Collection_id_seq; Type: SEQUENCE; Schema: public; Owner: postgres
--

CREATE SEQUENCE public."Collection_id_seq"
    AS integer
    START WITH 1
    INCREMENT BY 1
    NO MINVALUE
    NO MAXVALUE
    CACHE 1;


ALTER SEQUENCE public."Collection_id_seq" OWNER TO postgres;

--
-- Name: Collection_id_seq; Type: SEQUENCE OWNED BY; Schema: public; Owner: postgres
--

ALTER SEQUENCE public."Collection_id_seq" OWNED BY public."Collection".id;


--
-- Name: Nft; Type: TABLE; Schema: public; Owner: postgres
--

CREATE TABLE public."Nft" (
    id integer NOT NULL,
    token_id integer NOT NULL,
    col_id integer NOT NULL,
    uri text NOT NULL,
    owner_id integer NOT NULL,
    base_price text,
    current_price text,
    status text DEFAULT 'unlisted'::text NOT NULL,
    "createdAt" timestamp(3) without time zone DEFAULT CURRENT_TIMESTAMP NOT NULL,
    changed boolean DEFAULT true
);


ALTER TABLE public."Nft" OWNER TO postgres;

--
-- Name: Nft_id_seq; Type: SEQUENCE; Schema: public; Owner: postgres
--

CREATE SEQUENCE public."Nft_id_seq"
    AS integer
    START WITH 1
    INCREMENT BY 1
    NO MINVALUE
    NO MAXVALUE
    CACHE 1;


ALTER SEQUENCE public."Nft_id_seq" OWNER TO postgres;

--
-- Name: Nft_id_seq; Type: SEQUENCE OWNED BY; Schema: public; Owner: postgres
--

ALTER SEQUENCE public."Nft_id_seq" OWNED BY public."Nft".id;


--
-- Name: Sold; Type: TABLE; Schema: public; Owner: postgres
--

CREATE TABLE public."Sold" (
    id integer NOT NULL,
    token_id integer NOT NULL,
    price text NOT NULL,
    "soldAt" timestamp(3) without time zone DEFAULT CURRENT_TIMESTAMP NOT NULL,
    changed boolean DEFAULT true,
    buyer text NOT NULL,
    seller text NOT NULL
);


ALTER TABLE public."Sold" OWNER TO postgres;

--
-- Name: Sold_id_seq; Type: SEQUENCE; Schema: public; Owner: postgres
--

CREATE SEQUENCE public."Sold_id_seq"
    AS integer
    START WITH 1
    INCREMENT BY 1
    NO MINVALUE
    NO MAXVALUE
    CACHE 1;


ALTER SEQUENCE public."Sold_id_seq" OWNER TO postgres;

--
-- Name: Sold_id_seq; Type: SEQUENCE OWNED BY; Schema: public; Owner: postgres
--

ALTER SEQUENCE public."Sold_id_seq" OWNED BY public."Sold".id;


--
-- Name: User; Type: TABLE; Schema: public; Owner: postgres
--

CREATE TABLE public."User" (
    id integer NOT NULL,
    wallet text NOT NULL,
    email text,
    created_at timestamp(3) without time zone DEFAULT CURRENT_TIMESTAMP NOT NULL,
    username text
);


ALTER TABLE public."User" OWNER TO postgres;

--
-- Name: User_id_seq; Type: SEQUENCE; Schema: public; Owner: postgres
--

CREATE SEQUENCE public."User_id_seq"
    AS integer
    START WITH 1
    INCREMENT BY 1
    NO MINVALUE
    NO MAXVALUE
    CACHE 1;


ALTER SEQUENCE public."User_id_seq" OWNER TO postgres;

--
-- Name: User_id_seq; Type: SEQUENCE OWNED BY; Schema: public; Owner: postgres
--

ALTER SEQUENCE public."User_id_seq" OWNED BY public."User".id;


--
-- Name: _prisma_migrations; Type: TABLE; Schema: public; Owner: postgres
--

CREATE TABLE public._prisma_migrations (
    id character varying(36) NOT NULL,
    checksum character varying(64) NOT NULL,
    finished_at timestamp with time zone,
    migration_name character varying(255) NOT NULL,
    logs text,
    rolled_back_at timestamp with time zone,
    started_at timestamp with time zone DEFAULT now() NOT NULL,
    applied_steps_count integer DEFAULT 0 NOT NULL
);


ALTER TABLE public._prisma_migrations OWNER TO postgres;

--
-- Name: Collection id; Type: DEFAULT; Schema: public; Owner: postgres
--

ALTER TABLE ONLY public."Collection" ALTER COLUMN id SET DEFAULT nextval('public."Collection_id_seq"'::regclass);


--
-- Name: Nft id; Type: DEFAULT; Schema: public; Owner: postgres
--

ALTER TABLE ONLY public."Nft" ALTER COLUMN id SET DEFAULT nextval('public."Nft_id_seq"'::regclass);


--
-- Name: Sold id; Type: DEFAULT; Schema: public; Owner: postgres
--

ALTER TABLE ONLY public."Sold" ALTER COLUMN id SET DEFAULT nextval('public."Sold_id_seq"'::regclass);


--
-- Name: User id; Type: DEFAULT; Schema: public; Owner: postgres
--

ALTER TABLE ONLY public."User" ALTER COLUMN id SET DEFAULT nextval('public."User_id_seq"'::regclass);


--
-- Data for Name: Collection; Type: TABLE DATA; Schema: public; Owner: postgres
--

COPY public."Collection" (id, user_id, col_uri, address, "createdAt", changed) FROM stdin;
2	2	ipfs://bafkreiazl4pwl7i4wbf3jtr2posbqznhrletp3m5bedgqskcnwpmwz2ffy	\N	2025-12-28 21:33:26.31	f
1	2	ipfs://bafkreifgaepfbwkz7q6n2hsaclkptzun4j2ltyu7xpe5idxmvo6far5w4u	\N	2025-12-28 20:53:03.456	f
\.


--
-- Data for Name: Nft; Type: TABLE DATA; Schema: public; Owner: postgres
--

COPY public."Nft" (id, token_id, col_id, uri, owner_id, base_price, current_price, status, "createdAt", changed) FROM stdin;
2	1	1	ipfs://bafkreibm5c7accnikwbqnmxccwaoxicpbv4sx2hvkazkncrxhm2s4jafqi	2	\N	\N	unlisted	2025-12-28 21:19:42.15	f
3	2	1	ipfs://bafkreictlv73jusnr5mclkeed3itgi5nlz424wlr2c366t7c3x6echztrm	2	\N	\N	unlisted	2025-12-28 21:21:53.36	f
5	1	2	data:application/json;base64,eyJuYW1lIjoiQ2FrZSBORlQgIzEiLCAiZGVzY3JpcHRpb24iOiJBIGRlbGljaW91cyBwc2V1ZG8tcmFuZG9tIG9uLWNoYWluIGNha2UgTkZUISIsICJhdHRyaWJ1dGVzIjogW3sidHJhaXRfdHlwZSI6ICJSYXJpdHkiLCAidmFsdWUiOiAiVW5jb21tb24ifSx7InRyYWl0X3R5cGUiOiAiT2NjYXNpb24iLCAidmFsdWUiOiAiV2VkZGluZyJ9LHsidHJhaXRfdHlwZSI6ICJSZWRlZW1hYmxlIiwgInZhbHVlIjogIk5vIn0seyJ0cmFpdF90eXBlIjogIlR5cGUiLCAidmFsdWUiOiAiUmVkIFZlbHZldCJ9LHsidHJhaXRfdHlwZSI6ICJCYWNrZ3JvdW5kIiwgInZhbHVlIjogIkxhdmVuZGVyIn0seyJ0cmFpdF90eXBlIjogIlRva2VuIElEIiwgInZhbHVlIjogMX1dLCAiaW1hZ2UiOiJkYXRhOmltYWdlL3N2Zyt4bWw7YmFzZTY0LFBITjJaeUIyYVdWM1FtOTRQU0l3SURBZ016QXdJRE13TUNJZ2VHMXNibk05SW1oMGRIQTZMeTkzZDNjdWR6TXViM0puTHpJd01EQXZjM1puSWo0Z1BHVnNiR2x3YzJVZ1kzZzlJakUxTUNJZ1kzazlJakl6TUNJZ2NuZzlJakV5TUNJZ2NuazlJakUxSWlCbWFXeHNQU0lqTVRrMFlUVTFJaUJ6ZEhKdmEyVTlJaU14T1RSaE5UVWlJSE4wY205clpTMTNhV1IwYUQwaU1TNDFJaTgrUEhKbFkzUWdlRDBpTmpBaUlIazlJakUzTUNJZ2QybGtkR2c5SWpFNE1DSWdhR1ZwWjJoMFBTSTJNQ0lnY25nOUlqRXdJaUJ5ZVQwaU1UQWlJR1pwYkd3OUlpTXhZV0pqTlRJaUlITjBjbTlyWlQwaUl6RmhZbU0xTWlJZ2MzUnliMnRsTFhkcFpIUm9QU0l4SWk4K1BISmxZM1FnZUQwaU9EVWlJSGs5SWpFeU1DSWdkMmxrZEdnOUlqRXpNQ0lnYUdWcFoyaDBQU0kxTUNJZ2NuZzlJakV3SWlCeWVUMGlNVEFpSUdacGJHdzlJaU5pWldabU5HVWlJSE4wY205clpUMGlJMkpsWm1ZMFpTSWdjM1J5YjJ0bExYZHBaSFJvUFNJeElpOCtQR1ZzYkdsd2MyVWdZM2c5SWpFMU1DSWdZM2s5SWpFeU1DSWdjbmc5SWpZMUlpQnllVDBpTVRBaUlHWnBiR3c5SWlNek1qSTFPVE1pSUhOMGNtOXJaVDBpSXpNeU1qVTVNeUlnYzNSeWIydGxMWGRwWkhSb1BTSXdMalVpTHo0OGNtVmpkQ0I0UFNJeE5EWWlJSGs5SWpnMUlpQjNhV1IwYUQwaU9DSWdhR1ZwWjJoMFBTSXpOU0lnWm1sc2JEMGlJMk15WTJReE5TSWdjM1J5YjJ0bFBTSWpZekpqWkRFMUlpQnpkSEp2YTJVdGQybGtkR2c5SWpBdU5TSXZQanh3WVhSb0lHUTlJazB4TlRBc09EVWdVVEUxTUN3M05TQXhOVEFzT0RVZ1RURTBOaXc0TlNCUk1UVXdMRGMxSURFMU5DdzROU0lnWm1sc2JEMGlJMlptWkdRMU5TSWdjM1J5YjJ0bFBTSWpabVpqWXpBd0lpQnpkSEp2YTJVdGQybGtkR2c5SWpFaUx6NDhZMmx5WTJ4bElHTjRQU0l4TVRVaUlHTjVQU0l4TkRVaUlISTlJalVpSUdacGJHdzlJaU0xWVRFd1kyWWlMejQ4WTJseVkyeGxJR040UFNJeE5UQWlJR041UFNJeE5EVWlJSEk5SWpVaUlHWnBiR3c5SWlNMVlURXdZMllpTHo0OFkybHlZMnhsSUdONFBTSXhPRFVpSUdONVBTSXhORFVpSUhJOUlqVWlJR1pwYkd3OUlpTTFZVEV3WTJZaUx6NDhjR0YwYUNCa1BTSk5OekFzTVRjd0lFTTVNQ3d4TmpBZ01URXdMREU0TUNBeE16QXNNVGN3SUVNeE5UQXNNVFl3SURFM01Dd3hPREFnTVRrd0xERTNNQ0JETWpFd0xERTJNQ0F5TXpBc01UZ3dJREkxTUN3eE56QWlJR1pwYkd3OUltNXZibVVpSUhOMGNtOXJaVDBpSXprME5UVXlZU0lnYzNSeWIydGxMWGRwWkhSb1BTSXpJaUJ6ZEhKdmEyVXRiR2x1WldOaGNEMGljbTkxYm1RaUx6NDhMM04yWno0PSJ9	2	\N	\N	unlisted	2025-12-28 21:35:16.973	f
1	0	1	ipfs://bafkreibwqrvkdcts5l23245dmmh63ezajgcgfaf3atv2shfutqvoyq56eu	2	0.45	0.45	listed	2025-12-28 21:18:29.145	f
7	3	1	ipfs://bafkreict3isymbwzjbsjc5ljcsdlaldqgclqzecmfcrewr4qbfeukuxfte	2	2.45	2.45	listed	2025-12-29 22:35:43.159	f
8	2	2	ipfs://bafkreiamtecdvzmydnfz2nsjwzga4zejnctgvmzs4midndqwi4ru52vlg4	1	\N	\N	unlisted	2025-12-29 23:54:10.716	f
9	3	2	data:application/json;base64,eyJuYW1lIjoiQ2FrZSBORlQgIzMiLCAiZGVzY3JpcHRpb24iOiJBIGRlbGljaW91cyBwc2V1ZG8tcmFuZG9tIG9uLWNoYWluIGNha2UgTkZUISIsICJhdHRyaWJ1dGVzIjogW3sidHJhaXRfdHlwZSI6ICJSYXJpdHkiLCAidmFsdWUiOiAiVW5jb21tb24ifSx7InRyYWl0X3R5cGUiOiAiT2NjYXNpb24iLCAidmFsdWUiOiAiV2VkZGluZyJ9LHsidHJhaXRfdHlwZSI6ICJSZWRlZW1hYmxlIiwgInZhbHVlIjogIk5vIn0seyJ0cmFpdF90eXBlIjogIlR5cGUiLCAidmFsdWUiOiAiQ2hvY29sYXRlIn0seyJ0cmFpdF90eXBlIjogIkJhY2tncm91bmQiLCAidmFsdWUiOiAiU2t5IEJsdWUifSx7InRyYWl0X3R5cGUiOiAiVG9rZW4gSUQiLCAidmFsdWUiOiAzfV0sICJpbWFnZSI6ImRhdGE6aW1hZ2Uvc3ZnK3htbDtiYXNlNjQsUEhOMlp5QjJhV1YzUW05NFBTSXdJREFnTXpBd0lETXdNQ0lnZUcxc2JuTTlJbWgwZEhBNkx5OTNkM2N1ZHpNdWIzSm5Mekl3TURBdmMzWm5JajRnUEdWc2JHbHdjMlVnWTNnOUlqRTFNQ0lnWTNrOUlqSXpNQ0lnY25nOUlqRXlNQ0lnY25rOUlqRTFJaUJtYVd4c1BTSWpNalpsTnpRMUlpQnpkSEp2YTJVOUlpTXlObVUzTkRVaUlITjBjbTlyWlMxM2FXUjBhRDBpTVM0MUlpOCtQSEpsWTNRZ2VEMGlOakFpSUhrOUlqRTNNQ0lnZDJsa2RHZzlJakU0TUNJZ2FHVnBaMmgwUFNJMk1DSWdjbmc5SWpFd0lpQnllVDBpTVRBaUlHWnBiR3c5SWlNMU5UTTJabVFpSUhOMGNtOXJaVDBpSXpVMU16Wm1aQ0lnYzNSeWIydGxMWGRwWkhSb1BTSXhJaTgrUEhKbFkzUWdlRDBpT0RVaUlIazlJakV5TUNJZ2QybGtkR2c5SWpFek1DSWdhR1ZwWjJoMFBTSTFNQ0lnY25nOUlqRXdJaUJ5ZVQwaU1UQWlJR1pwYkd3OUlpTmhNMkl3WVRjaUlITjBjbTlyWlQwaUkyRXpZakJoTnlJZ2MzUnliMnRsTFhkcFpIUm9QU0l4SWk4K1BHVnNiR2x3YzJVZ1kzZzlJakUxTUNJZ1kzazlJakV5TUNJZ2NuZzlJalkxSWlCeWVUMGlNVEFpSUdacGJHdzlJaU13TldVMU9XVWlJSE4wY205clpUMGlJekExWlRVNVpTSWdjM1J5YjJ0bExYZHBaSFJvUFNJd0xqVWlMejQ4Y21WamRDQjRQU0l4TkRZaUlIazlJamcxSWlCM2FXUjBhRDBpT0NJZ2FHVnBaMmgwUFNJek5TSWdabWxzYkQwaUl6aGhOMkpqWkNJZ2MzUnliMnRsUFNJak9HRTNZbU5rSWlCemRISnZhMlV0ZDJsa2RHZzlJakF1TlNJdlBqeHdZWFJvSUdROUlrMHhOVEFzT0RVZ1VURTFNQ3czTlNBeE5UQXNPRFVnVFRFME5pdzROU0JSTVRVd0xEYzFJREUxTkN3NE5TSWdabWxzYkQwaUkyWm1aR1ExTlNJZ2MzUnliMnRsUFNJalptWmpZekF3SWlCemRISnZhMlV0ZDJsa2RHZzlJakVpTHo0OFkybHlZMnhsSUdONFBTSXhNVFVpSUdONVBTSXhORFVpSUhJOUlqVWlJR1pwYkd3OUlpTTVZV0l6TURZaUx6NDhZMmx5WTJ4bElHTjRQU0l4TlRBaUlHTjVQU0l4TkRVaUlISTlJalVpSUdacGJHdzlJaU01WVdJek1EWWlMejQ4WTJseVkyeGxJR040UFNJeE9EVWlJR041UFNJeE5EVWlJSEk5SWpVaUlHWnBiR3c5SWlNNVlXSXpNRFlpTHo0OGNHRjBhQ0JrUFNKTk56QXNNVGN3SUVNNU1Dd3hOakFnTVRFd0xERTRNQ0F4TXpBc01UY3dJRU14TlRBc01UWXdJREUzTUN3eE9EQWdNVGt3TERFM01DQkRNakV3TERFMk1DQXlNekFzTVRnd0lESTFNQ3d4TnpBaUlHWnBiR3c5SW01dmJtVWlJSE4wY205clpUMGlJelUyTVRFNE15SWdjM1J5YjJ0bExYZHBaSFJvUFNJeklpQnpkSEp2YTJVdGJHbHVaV05oY0QwaWNtOTFibVFpTHo0OEwzTjJaejQ9In0=	2	\N	\N	unlisted	2025-12-31 08:47:16.793	f
11	5	2	data:application/json;base64,eyJuYW1lIjoiQ2FrZSBORlQgIzUiLCAiZGVzY3JpcHRpb24iOiJBIGRlbGljaW91cyBwc2V1ZG8tcmFuZG9tIG9uLWNoYWluIGNha2UgTkZUISIsICJhdHRyaWJ1dGVzIjogW3sidHJhaXRfdHlwZSI6ICJSYXJpdHkiLCAidmFsdWUiOiAiVW5jb21tb24ifSx7InRyYWl0X3R5cGUiOiAiT2NjYXNpb24iLCAidmFsdWUiOiAiSG9saWRheSJ9LHsidHJhaXRfdHlwZSI6ICJSZWRlZW1hYmxlIiwgInZhbHVlIjogIk5vIn0seyJ0cmFpdF90eXBlIjogIlR5cGUiLCAidmFsdWUiOiAiQ2Fycm90In0seyJ0cmFpdF90eXBlIjogIkJhY2tncm91bmQiLCAidmFsdWUiOiAiUGFzdGVsIFBpbmsifSx7InRyYWl0X3R5cGUiOiAiVG9rZW4gSUQiLCAidmFsdWUiOiA1fV0sICJpbWFnZSI6ImRhdGE6aW1hZ2Uvc3ZnK3htbDtiYXNlNjQsUEhOMlp5QjJhV1YzUW05NFBTSXdJREFnTXpBd0lETXdNQ0lnZUcxc2JuTTlJbWgwZEhBNkx5OTNkM2N1ZHpNdWIzSm5Mekl3TURBdmMzWm5JajRnUEdWc2JHbHdjMlVnWTNnOUlqRTFNQ0lnWTNrOUlqSXpNQ0lnY25nOUlqRXlNQ0lnY25rOUlqRTFJaUJtYVd4c1BTSWpNelJqTmpNMklpQnpkSEp2YTJVOUlpTXpOR00yTXpZaUlITjBjbTlyWlMxM2FXUjBhRDBpTVM0MUlpOCtQSEpsWTNRZ2VEMGlOakFpSUhrOUlqRTNNQ0lnZDJsa2RHZzlJakU0TUNJZ2FHVnBaMmgwUFNJMk1DSWdjbmc5SWpFd0lpQnllVDBpTVRBaUlHWnBiR3c5SWlNMU9EVXlOVGdpSUhOMGNtOXJaVDBpSXpVNE5USTFPQ0lnYzNSeWIydGxMWGRwWkhSb1BTSXhJaTgrUEhKbFkzUWdlRDBpT0RVaUlIazlJakV5TUNJZ2QybGtkR2c5SWpFek1DSWdhR1ZwWjJoMFBTSTFNQ0lnY25nOUlqRXdJaUJ5ZVQwaU1UQWlJR1pwYkd3OUlpTm1OekJqTXpnaUlITjBjbTlyWlQwaUkyWTNNR016T0NJZ2MzUnliMnRsTFhkcFpIUm9QU0l4SWk4K1BHVnNiR2x3YzJVZ1kzZzlJakUxTUNJZ1kzazlJakV5TUNJZ2NuZzlJalkxSWlCeWVUMGlNVEFpSUdacGJHdzlJaU5sWlRCaE0yWWlJSE4wY205clpUMGlJMlZsTUdFelppSWdjM1J5YjJ0bExYZHBaSFJvUFNJd0xqVWlMejQ4Y21WamRDQjRQU0l4TkRZaUlIazlJamcxSWlCM2FXUjBhRDBpT0NJZ2FHVnBaMmgwUFNJek5TSWdabWxzYkQwaUkySTJNamhtT1NJZ2MzUnliMnRsUFNJallqWXlPR1k1SWlCemRISnZhMlV0ZDJsa2RHZzlJakF1TlNJdlBqeHdZWFJvSUdROUlrMHhOVEFzT0RVZ1VURTFNQ3czTlNBeE5UQXNPRFVnVFRFME5pdzROU0JSTVRVd0xEYzFJREUxTkN3NE5TSWdabWxzYkQwaUkyWm1aR1ExTlNJZ2MzUnliMnRsUFNJalptWmpZekF3SWlCemRISnZhMlV0ZDJsa2RHZzlJakVpTHo0OFkybHlZMnhsSUdONFBTSXhNVFVpSUdONVBTSXhORFVpSUhJOUlqVWlJR1pwYkd3OUlpTmhaV0V6WkRNaUx6NDhZMmx5WTJ4bElHTjRQU0l4TlRBaUlHTjVQU0l4TkRVaUlISTlJalVpSUdacGJHdzlJaU5oWldFelpETWlMejQ4WTJseVkyeGxJR040UFNJeE9EVWlJR041UFNJeE5EVWlJSEk5SWpVaUlHWnBiR3c5SWlOaFpXRXpaRE1pTHo0OGNHRjBhQ0JrUFNKTk56QXNNVGN3SUVNNU1Dd3hOakFnTVRFd0xERTRNQ0F4TXpBc01UY3dJRU14TlRBc01UWXdJREUzTUN3eE9EQWdNVGt3TERFM01DQkRNakV3TERFMk1DQXlNekFzTVRnd0lESTFNQ3d4TnpBaUlHWnBiR3c5SW01dmJtVWlJSE4wY205clpUMGlJelkzWkRBellpSWdjM1J5YjJ0bExYZHBaSFJvUFNJeklpQnpkSEp2YTJVdGJHbHVaV05oY0QwaWNtOTFibVFpTHo0OEwzTjJaejQ9In0=	2	\N	\N	unlisted	2025-12-31 08:58:15.133	f
13	7	2	data:application/json;base64,eyJuYW1lIjoiQ2FrZSBORlQgIzciLCAiZGVzY3JpcHRpb24iOiJBIGRlbGljaW91cyBwc2V1ZG8tcmFuZG9tIG9uLWNoYWluIGNha2UgTkZUISIsICJhdHRyaWJ1dGVzIjogW3sidHJhaXRfdHlwZSI6ICJSYXJpdHkiLCAidmFsdWUiOiAiQ29tbW9uIn0seyJ0cmFpdF90eXBlIjogIk9jY2FzaW9uIiwgInZhbHVlIjogIldlZGRpbmcifSx7InRyYWl0X3R5cGUiOiAiUmVkZWVtYWJsZSIsICJ2YWx1ZSI6ICJObyJ9LHsidHJhaXRfdHlwZSI6ICJUeXBlIiwgInZhbHVlIjogIlN0cmF3YmVycnkifSx7InRyYWl0X3R5cGUiOiAiQmFja2dyb3VuZCIsICJ2YWx1ZSI6ICJNaW50IEdyZWVuIn0seyJ0cmFpdF90eXBlIjogIlRva2VuIElEIiwgInZhbHVlIjogN31dLCAiaW1hZ2UiOiJkYXRhOmltYWdlL3N2Zyt4bWw7YmFzZTY0LFBITjJaeUIyYVdWM1FtOTRQU0l3SURBZ016QXdJRE13TUNJZ2VHMXNibk05SW1oMGRIQTZMeTkzZDNjdWR6TXViM0puTHpJd01EQXZjM1puSWo0Z1BHVnNiR2x3YzJVZ1kzZzlJakUxTUNJZ1kzazlJakl6TUNJZ2NuZzlJakV5TUNJZ2NuazlJakUxSWlCbWFXeHNQU0lqWVdSaVl6QXdJaUJ6ZEhKdmEyVTlJaU5oWkdKak1EQWlJSE4wY205clpTMTNhV1IwYUQwaU1TNDFJaTgrUEhKbFkzUWdlRDBpTmpBaUlIazlJakUzTUNJZ2QybGtkR2c5SWpFNE1DSWdhR1ZwWjJoMFBTSTJNQ0lnY25nOUlqRXdJaUJ5ZVQwaU1UQWlJR1pwYkd3OUlpTmpOakUyWkdVaUlITjBjbTlyWlQwaUkyTTJNVFprWlNJZ2MzUnliMnRsTFhkcFpIUm9QU0l4SWk4K1BISmxZM1FnZUQwaU9EVWlJSGs5SWpFeU1DSWdkMmxrZEdnOUlqRXpNQ0lnYUdWcFoyaDBQU0kxTUNJZ2NuZzlJakV3SWlCeWVUMGlNVEFpSUdacGJHdzlJaU0xTVdJeVl6VWlJSE4wY205clpUMGlJelV4WWpKak5TSWdjM1J5YjJ0bExYZHBaSFJvUFNJeElpOCtQR1ZzYkdsd2MyVWdZM2c5SWpFMU1DSWdZM2s5SWpFeU1DSWdjbmc5SWpZMUlpQnllVDBpTVRBaUlHWnBiR3c5SWlNek5UVTVPR1lpSUhOMGNtOXJaVDBpSXpNMU5UazRaaUlnYzNSeWIydGxMWGRwWkhSb1BTSXdMalVpTHo0OGNtVmpkQ0I0UFNJeE5EWWlJSGs5SWpnMUlpQjNhV1IwYUQwaU9DSWdhR1ZwWjJoMFBTSXpOU0lnWm1sc2JEMGlJMll4TkdNM055SWdjM1J5YjJ0bFBTSWpaakUwWXpjM0lpQnpkSEp2YTJVdGQybGtkR2c5SWpBdU5TSXZQanh3WVhSb0lHUTlJazB4TlRBc09EVWdVVEUxTUN3M05TQXhOVEFzT0RVZ1RURTBOaXc0TlNCUk1UVXdMRGMxSURFMU5DdzROU0lnWm1sc2JEMGlJMlptWkdRMU5TSWdjM1J5YjJ0bFBTSWpabVpqWXpBd0lpQnpkSEp2YTJVdGQybGtkR2c5SWpFaUx6NDhZMmx5WTJ4bElHTjRQU0l4TVRVaUlHTjVQU0l4TkRVaUlISTlJalVpSUdacGJHdzlJaU15WlRaalpXRWlMejQ4WTJseVkyeGxJR040UFNJeE5UQWlJR041UFNJeE5EVWlJSEk5SWpVaUlHWnBiR3c5SWlNeVpUWmpaV0VpTHo0OFkybHlZMnhsSUdONFBTSXhPRFVpSUdONVBTSXhORFVpSUhJOUlqVWlJR1pwYkd3OUlpTXlaVFpqWldFaUx6NDhjR0YwYUNCa1BTSk5OekFzTVRjd0lFTTVNQ3d4TmpBZ01URXdMREU0TUNBeE16QXNNVGN3SUVNeE5UQXNNVFl3SURFM01Dd3hPREFnTVRrd0xERTNNQ0JETWpFd0xERTJNQ0F5TXpBc01UZ3dJREkxTUN3eE56QWlJR1pwYkd3OUltNXZibVVpSUhOMGNtOXJaVDBpSXpNd01HRTBZeUlnYzNSeWIydGxMWGRwWkhSb1BTSXpJaUJ6ZEhKdmEyVXRiR2x1WldOaGNEMGljbTkxYm1RaUx6NDhMM04yWno0PSJ9	2	\N	\N	unlisted	2025-12-31 09:11:28.02	f
12	6	2	data:application/json;base64,eyJuYW1lIjoiQ2FrZSBORlQgIzYiLCAiZGVzY3JpcHRpb24iOiJBIGRlbGljaW91cyBwc2V1ZG8tcmFuZG9tIG9uLWNoYWluIGNha2UgTkZUISIsICJhdHRyaWJ1dGVzIjogW3sidHJhaXRfdHlwZSI6ICJSYXJpdHkiLCAidmFsdWUiOiAiVW5jb21tb24ifSx7InRyYWl0X3R5cGUiOiAiT2NjYXNpb24iLCAidmFsdWUiOiAiQmFieSBTaG93ZXIifSx7InRyYWl0X3R5cGUiOiAiUmVkZWVtYWJsZSIsICJ2YWx1ZSI6ICJObyJ9LHsidHJhaXRfdHlwZSI6ICJUeXBlIiwgInZhbHVlIjogIk1hcmJsZSJ9LHsidHJhaXRfdHlwZSI6ICJCYWNrZ3JvdW5kIiwgInZhbHVlIjogIlBhc3RlbCBQaW5rIn0seyJ0cmFpdF90eXBlIjogIlRva2VuIElEIiwgInZhbHVlIjogNn1dLCAiaW1hZ2UiOiJkYXRhOmltYWdlL3N2Zyt4bWw7YmFzZTY0LFBITjJaeUIyYVdWM1FtOTRQU0l3SURBZ016QXdJRE13TUNJZ2VHMXNibk05SW1oMGRIQTZMeTkzZDNjdWR6TXViM0puTHpJd01EQXZjM1puSWo0Z1BHVnNiR2x3YzJVZ1kzZzlJakUxTUNJZ1kzazlJakl6TUNJZ2NuZzlJakV5TUNJZ2NuazlJakUxSWlCbWFXeHNQU0lqTTJFME5XWTFJaUJ6ZEhKdmEyVTlJaU16WVRRMVpqVWlJSE4wY205clpTMTNhV1IwYUQwaU1TNDFJaTgrUEhKbFkzUWdlRDBpTmpBaUlIazlJakUzTUNJZ2QybGtkR2c5SWpFNE1DSWdhR1ZwWjJoMFBTSTJNQ0lnY25nOUlqRXdJaUJ5ZVQwaU1UQWlJR1pwYkd3OUlpTTFZak5sWlRJaUlITjBjbTlyWlQwaUl6VmlNMlZsTWlJZ2MzUnliMnRsTFhkcFpIUm9QU0l4SWk4K1BISmxZM1FnZUQwaU9EVWlJSGs5SWpFeU1DSWdkMmxrZEdnOUlqRXpNQ0lnYUdWcFoyaDBQU0kxTUNJZ2NuZzlJakV3SWlCeWVUMGlNVEFpSUdacGJHdzlJaU5rWkRoaFpXVWlJSE4wY205clpUMGlJMlJrT0dGbFpTSWdjM1J5YjJ0bExYZHBaSFJvUFNJeElpOCtQR1ZzYkdsd2MyVWdZM2c5SWpFMU1DSWdZM2s5SWpFeU1DSWdjbmc5SWpZMUlpQnllVDBpTVRBaUlHWnBiR3c5SWlNMk56UmhZVFFpSUhOMGNtOXJaVDBpSXpZM05HRmhOQ0lnYzNSeWIydGxMWGRwWkhSb1BTSXdMalVpTHo0OGNtVmpkQ0I0UFNJeE5EWWlJSGs5SWpnMUlpQjNhV1IwYUQwaU9DSWdhR1ZwWjJoMFBTSXpOU0lnWm1sc2JEMGlJemhsWmpZek1pSWdjM1J5YjJ0bFBTSWpPR1ZtTmpNeUlpQnpkSEp2YTJVdGQybGtkR2c5SWpBdU5TSXZQanh3WVhSb0lHUTlJazB4TlRBc09EVWdVVEUxTUN3M05TQXhOVEFzT0RVZ1RURTBOaXc0TlNCUk1UVXdMRGMxSURFMU5DdzROU0lnWm1sc2JEMGlJMlptWkdRMU5TSWdjM1J5YjJ0bFBTSWpabVpqWXpBd0lpQnpkSEp2YTJVdGQybGtkR2c5SWpFaUx6NDhZMmx5WTJ4bElHTjRQU0l4TVRVaUlHTjVQU0l4TkRVaUlISTlJalVpSUdacGJHdzlJaU16TXpJd05EY2lMejQ4WTJseVkyeGxJR040UFNJeE5UQWlJR041UFNJeE5EVWlJSEk5SWpVaUlHWnBiR3c5SWlNek16SXdORGNpTHo0OFkybHlZMnhsSUdONFBTSXhPRFVpSUdONVBTSXhORFVpSUhJOUlqVWlJR1pwYkd3OUlpTXpNekl3TkRjaUx6NDhjR0YwYUNCa1BTSk5OekFzTVRjd0lFTTVNQ3d4TmpBZ01URXdMREU0TUNBeE16QXNNVGN3SUVNeE5UQXNNVFl3SURFM01Dd3hPREFnTVRrd0xERTNNQ0JETWpFd0xERTJNQ0F5TXpBc01UZ3dJREkxTUN3eE56QWlJR1pwYkd3OUltNXZibVVpSUhOMGNtOXJaVDBpSTJaaFlqVTJOaUlnYzNSeWIydGxMWGRwWkhSb1BTSXpJaUJ6ZEhKdmEyVXRiR2x1WldOaGNEMGljbTkxYm1RaUx6NDhMM04yWno0PSJ9	2	0.456	0.456	listed	2025-12-31 09:10:43.463	f
4	0	2	data:application/json;base64,eyJuYW1lIjoiQ2FrZSBORlQgIzAiLCAiZGVzY3JpcHRpb24iOiJBIGRlbGljaW91cyBwc2V1ZG8tcmFuZG9tIG9uLWNoYWluIGNha2UgTkZUISIsICJhdHRyaWJ1dGVzIjogW3sidHJhaXRfdHlwZSI6ICJSYXJpdHkiLCAidmFsdWUiOiAiQ29tbW9uIn0seyJ0cmFpdF90eXBlIjogIk9jY2FzaW9uIiwgInZhbHVlIjogIkFubml2ZXJzYXJ5In0seyJ0cmFpdF90eXBlIjogIlJlZGVlbWFibGUiLCAidmFsdWUiOiAiWWVzIn0seyJ0cmFpdF90eXBlIjogIlR5cGUiLCAidmFsdWUiOiAiQ2hvY29sYXRlIn0seyJ0cmFpdF90eXBlIjogIkJhY2tncm91bmQiLCAidmFsdWUiOiAiUGFzdGVsIFBpbmsifSx7InRyYWl0X3R5cGUiOiAiVG9rZW4gSUQiLCAidmFsdWUiOiAwfV0sICJpbWFnZSI6ImRhdGE6aW1hZ2Uvc3ZnK3htbDtiYXNlNjQsUEhOMlp5QjJhV1YzUW05NFBTSXdJREFnTXpBd0lETXdNQ0lnZUcxc2JuTTlJbWgwZEhBNkx5OTNkM2N1ZHpNdWIzSm5Mekl3TURBdmMzWm5JajRnUEdWc2JHbHdjMlVnWTNnOUlqRTFNQ0lnWTNrOUlqSXpNQ0lnY25nOUlqRXlNQ0lnY25rOUlqRTFJaUJtYVd4c1BTSWpNekkzTmpJeElpQnpkSEp2YTJVOUlpTXpNamMyTWpFaUlITjBjbTlyWlMxM2FXUjBhRDBpTVM0MUlpOCtQSEpsWTNRZ2VEMGlOakFpSUhrOUlqRTNNQ0lnZDJsa2RHZzlJakU0TUNJZ2FHVnBaMmgwUFNJMk1DSWdjbmc5SWpFd0lpQnllVDBpTVRBaUlHWnBiR3c5SWlOalptUmxPV1FpSUhOMGNtOXJaVDBpSTJObVpHVTVaQ0lnYzNSeWIydGxMWGRwWkhSb1BTSXhJaTgrUEhKbFkzUWdlRDBpT0RVaUlIazlJakV5TUNJZ2QybGtkR2c5SWpFek1DSWdhR1ZwWjJoMFBTSTFNQ0lnY25nOUlqRXdJaUJ5ZVQwaU1UQWlJR1pwYkd3OUlpTTVaVEUyWWpNaUlITjBjbTlyWlQwaUl6bGxNVFppTXlJZ2MzUnliMnRsTFhkcFpIUm9QU0l4SWk4K1BHVnNiR2x3YzJVZ1kzZzlJakUxTUNJZ1kzazlJakV5TUNJZ2NuZzlJalkxSWlCeWVUMGlNVEFpSUdacGJHdzlJaU5pTldZeE1XSWlJSE4wY205clpUMGlJMkkxWmpFeFlpSWdjM1J5YjJ0bExYZHBaSFJvUFNJd0xqVWlMejQ4Y21WamRDQjRQU0l4TkRZaUlIazlJamcxSWlCM2FXUjBhRDBpT0NJZ2FHVnBaMmgwUFNJek5TSWdabWxzYkQwaUl6ZGxabUZpT0NJZ2MzUnliMnRsUFNJak4yVm1ZV0k0SWlCemRISnZhMlV0ZDJsa2RHZzlJakF1TlNJdlBqeHdZWFJvSUdROUlrMHhOVEFzT0RVZ1VURTFNQ3czTlNBeE5UQXNPRFVnVFRFME5pdzROU0JSTVRVd0xEYzFJREUxTkN3NE5TSWdabWxzYkQwaUkyWm1aR1ExTlNJZ2MzUnliMnRsUFNJalptWmpZekF3SWlCemRISnZhMlV0ZDJsa2RHZzlJakVpTHo0OFkybHlZMnhsSUdONFBTSXhNVFVpSUdONVBTSXhORFVpSUhJOUlqVWlJR1pwYkd3OUlpTmlZekF6WlRZaUx6NDhZMmx5WTJ4bElHTjRQU0l4TlRBaUlHTjVQU0l4TkRVaUlISTlJalVpSUdacGJHdzlJaU5pWXpBelpUWWlMejQ4WTJseVkyeGxJR040UFNJeE9EVWlJR041UFNJeE5EVWlJSEk5SWpVaUlHWnBiR3c5SWlOaVl6QXpaVFlpTHo0OGNHRjBhQ0JrUFNKTk56QXNNVGN3SUVNNU1Dd3hOakFnTVRFd0xERTRNQ0F4TXpBc01UY3dJRU14TlRBc01UWXdJREUzTUN3eE9EQWdNVGt3TERFM01DQkRNakV3TERFMk1DQXlNekFzTVRnd0lESTFNQ3d4TnpBaUlHWnBiR3c5SW01dmJtVWlJSE4wY205clpUMGlJemd3TkRSbE1DSWdjM1J5YjJ0bExYZHBaSFJvUFNJeklpQnpkSEp2YTJVdGJHbHVaV05oY0QwaWNtOTFibVFpTHo0OEwzTjJaejQ9In0=	2	0.5	0.5	listed	2025-12-28 21:34:32.487	f
14	8	2	data:application/json;base64,eyJuYW1lIjoiQ2FrZSBORlQgIzgiLCAiZGVzY3JpcHRpb24iOiJBIGRlbGljaW91cyBwc2V1ZG8tcmFuZG9tIG9uLWNoYWluIGNha2UgTkZUISIsICJhdHRyaWJ1dGVzIjogW3sidHJhaXRfdHlwZSI6ICJSYXJpdHkiLCAidmFsdWUiOiAiVW5jb21tb24ifSx7InRyYWl0X3R5cGUiOiAiT2NjYXNpb24iLCAidmFsdWUiOiAiQ2VsZWJyYXRpb24ifSx7InRyYWl0X3R5cGUiOiAiUmVkZWVtYWJsZSIsICJ2YWx1ZSI6ICJObyJ9LHsidHJhaXRfdHlwZSI6ICJUeXBlIiwgInZhbHVlIjogIkNob2NvbGF0ZSJ9LHsidHJhaXRfdHlwZSI6ICJCYWNrZ3JvdW5kIiwgInZhbHVlIjogIkxhdmVuZGVyIn0seyJ0cmFpdF90eXBlIjogIlRva2VuIElEIiwgInZhbHVlIjogOH1dLCAiaW1hZ2UiOiJkYXRhOmltYWdlL3N2Zyt4bWw7YmFzZTY0LFBITjJaeUIyYVdWM1FtOTRQU0l3SURBZ016QXdJRE13TUNJZ2VHMXNibk05SW1oMGRIQTZMeTkzZDNjdWR6TXViM0puTHpJd01EQXZjM1puSWo0Z1BHVnNiR2x3YzJVZ1kzZzlJakUxTUNJZ1kzazlJakl6TUNJZ2NuZzlJakV5TUNJZ2NuazlJakUxSWlCbWFXeHNQU0lqTXpJeFl6TTFJaUJ6ZEhKdmEyVTlJaU16TWpGak16VWlJSE4wY205clpTMTNhV1IwYUQwaU1TNDFJaTgrUEhKbFkzUWdlRDBpTmpBaUlIazlJakUzTUNJZ2QybGtkR2c5SWpFNE1DSWdhR1ZwWjJoMFBTSTJNQ0lnY25nOUlqRXdJaUJ5ZVQwaU1UQWlJR1pwYkd3OUlpTTNNams0Tm1RaUlITjBjbTlyWlQwaUl6Y3lPVGcyWkNJZ2MzUnliMnRsTFhkcFpIUm9QU0l4SWk4K1BISmxZM1FnZUQwaU9EVWlJSGs5SWpFeU1DSWdkMmxrZEdnOUlqRXpNQ0lnYUdWcFoyaDBQU0kxTUNJZ2NuZzlJakV3SWlCeWVUMGlNVEFpSUdacGJHdzlJaU5oTldJM016a2lJSE4wY205clpUMGlJMkUxWWpjek9TSWdjM1J5YjJ0bExYZHBaSFJvUFNJeElpOCtQR1ZzYkdsd2MyVWdZM2c5SWpFMU1DSWdZM2s5SWpFeU1DSWdjbmc5SWpZMUlpQnllVDBpTVRBaUlHWnBiR3c5SWlNMFlXUTVaV1FpSUhOMGNtOXJaVDBpSXpSaFpEbGxaQ0lnYzNSeWIydGxMWGRwWkhSb1BTSXdMalVpTHo0OGNtVmpkQ0I0UFNJeE5EWWlJSGs5SWpnMUlpQjNhV1IwYUQwaU9DSWdhR1ZwWjJoMFBTSXpOU0lnWm1sc2JEMGlJekJsTnpZNE9TSWdjM1J5YjJ0bFBTSWpNR1UzTmpnNUlpQnpkSEp2YTJVdGQybGtkR2c5SWpBdU5TSXZQanh3WVhSb0lHUTlJazB4TlRBc09EVWdVVEUxTUN3M05TQXhOVEFzT0RVZ1RURTBOaXc0TlNCUk1UVXdMRGMxSURFMU5DdzROU0lnWm1sc2JEMGlJMlptWkdRMU5TSWdjM1J5YjJ0bFBTSWpabVpqWXpBd0lpQnpkSEp2YTJVdGQybGtkR2c5SWpFaUx6NDhZMmx5WTJ4bElHTjRQU0l4TVRVaUlHTjVQU0l4TkRVaUlISTlJalVpSUdacGJHdzlJaU0zWkRnMVl6UWlMejQ4WTJseVkyeGxJR040UFNJeE5UQWlJR041UFNJeE5EVWlJSEk5SWpVaUlHWnBiR3c5SWlNM1pEZzFZelFpTHo0OFkybHlZMnhsSUdONFBTSXhPRFVpSUdONVBTSXhORFVpSUhJOUlqVWlJR1pwYkd3OUlpTTNaRGcxWXpRaUx6NDhjR0YwYUNCa1BTSk5OekFzTVRjd0lFTTVNQ3d4TmpBZ01URXdMREU0TUNBeE16QXNNVGN3SUVNeE5UQXNNVFl3SURFM01Dd3hPREFnTVRrd0xERTNNQ0JETWpFd0xERTJNQ0F5TXpBc01UZ3dJREkxTUN3eE56QWlJR1pwYkd3OUltNXZibVVpSUhOMGNtOXJaVDBpSXpka1pUWmlaaUlnYzNSeWIydGxMWGRwWkhSb1BTSXpJaUJ6ZEhKdmEyVXRiR2x1WldOaGNEMGljbTkxYm1RaUx6NDhMM04yWno0PSJ9	2	0.65	0.65	listed	2025-12-31 09:12:54.72	f
6	2	2	data:application/json;base64,eyJuYW1lIjoiQ2FrZSBORlQgIzIiLCAiZGVzY3JpcHRpb24iOiJBIGRlbGljaW91cyBwc2V1ZG8tcmFuZG9tIG9uLWNoYWluIGNha2UgTkZUISIsICJhdHRyaWJ1dGVzIjogW3sidHJhaXRfdHlwZSI6ICJSYXJpdHkiLCAidmFsdWUiOiAiVW5jb21tb24ifSx7InRyYWl0X3R5cGUiOiAiT2NjYXNpb24iLCAidmFsdWUiOiAiSG9saWRheSJ9LHsidHJhaXRfdHlwZSI6ICJSZWRlZW1hYmxlIiwgInZhbHVlIjogIk5vIn0seyJ0cmFpdF90eXBlIjogIlR5cGUiLCAidmFsdWUiOiAiTWFyYmxlIn0seyJ0cmFpdF90eXBlIjogIkJhY2tncm91bmQiLCAidmFsdWUiOiAiUGVhY2h5In0seyJ0cmFpdF90eXBlIjogIlRva2VuIElEIiwgInZhbHVlIjogMn1dLCAiaW1hZ2UiOiJkYXRhOmltYWdlL3N2Zyt4bWw7YmFzZTY0LFBITjJaeUIyYVdWM1FtOTRQU0l3SURBZ016QXdJRE13TUNJZ2VHMXNibk05SW1oMGRIQTZMeTkzZDNjdWR6TXViM0puTHpJd01EQXZjM1puSWo0Z1BHVnNiR2x3YzJVZ1kzZzlJakUxTUNJZ1kzazlJakl6TUNJZ2NuZzlJakV5TUNJZ2NuazlJakUxSWlCbWFXeHNQU0lqTnpGa1pUQTBJaUJ6ZEhKdmEyVTlJaU0zTVdSbE1EUWlJSE4wY205clpTMTNhV1IwYUQwaU1TNDFJaTgrUEhKbFkzUWdlRDBpTmpBaUlIazlJakUzTUNJZ2QybGtkR2c5SWpFNE1DSWdhR1ZwWjJoMFBTSTJNQ0lnY25nOUlqRXdJaUJ5ZVQwaU1UQWlJR1pwYkd3OUlpTmtZMlZtTldJaUlITjBjbTlyWlQwaUkyUmpaV1kxWWlJZ2MzUnliMnRsTFhkcFpIUm9QU0l4SWk4K1BISmxZM1FnZUQwaU9EVWlJSGs5SWpFeU1DSWdkMmxrZEdnOUlqRXpNQ0lnYUdWcFoyaDBQU0kxTUNJZ2NuZzlJakV3SWlCeWVUMGlNVEFpSUdacGJHdzlJaU5oT0Rnek5Ea2lJSE4wY205clpUMGlJMkU0T0RNME9TSWdjM1J5YjJ0bExYZHBaSFJvUFNJeElpOCtQR1ZzYkdsd2MyVWdZM2c5SWpFMU1DSWdZM2s5SWpFeU1DSWdjbmc5SWpZMUlpQnllVDBpTVRBaUlHWnBiR3c5SWlNNFpERTFOekVpSUhOMGNtOXJaVDBpSXpoa01UVTNNU0lnYzNSeWIydGxMWGRwWkhSb1BTSXdMalVpTHo0OGNtVmpkQ0I0UFNJeE5EWWlJSGs5SWpnMUlpQjNhV1IwYUQwaU9DSWdhR1ZwWjJoMFBTSXpOU0lnWm1sc2JEMGlJell5TmpJek1TSWdjM1J5YjJ0bFBTSWpOakkyTWpNeElpQnpkSEp2YTJVdGQybGtkR2c5SWpBdU5TSXZQanh3WVhSb0lHUTlJazB4TlRBc09EVWdVVEUxTUN3M05TQXhOVEFzT0RVZ1RURTBOaXc0TlNCUk1UVXdMRGMxSURFMU5DdzROU0lnWm1sc2JEMGlJMlptWkdRMU5TSWdjM1J5YjJ0bFBTSWpabVpqWXpBd0lpQnpkSEp2YTJVdGQybGtkR2c5SWpFaUx6NDhZMmx5WTJ4bElHTjRQU0l4TVRVaUlHTjVQU0l4TkRVaUlISTlJalVpSUdacGJHdzlJaU00Tm1Zek5UWWlMejQ4WTJseVkyeGxJR040UFNJeE5UQWlJR041UFNJeE5EVWlJSEk5SWpVaUlHWnBiR3c5SWlNNE5tWXpOVFlpTHo0OFkybHlZMnhsSUdONFBTSXhPRFVpSUdONVBTSXhORFVpSUhJOUlqVWlJR1pwYkd3OUlpTTRObVl6TlRZaUx6NDhjR0YwYUNCa1BTSk5OekFzTVRjd0lFTTVNQ3d4TmpBZ01URXdMREU0TUNBeE16QXNNVGN3SUVNeE5UQXNNVFl3SURFM01Dd3hPREFnTVRrd0xERTNNQ0JETWpFd0xERTJNQ0F5TXpBc01UZ3dJREkxTUN3eE56QWlJR1pwYkd3OUltNXZibVVpSUhOMGNtOXJaVDBpSXpJNVpEQmpaQ0lnYzNSeWIydGxMWGRwWkhSb1BTSXpJaUJ6ZEhKdmEyVXRiR2x1WldOaGNEMGljbTkxYm1RaUx6NDhMM04yWno0PSJ9	2	0.001	0.001	listed	2025-12-28 21:35:54.844	f
10	4	2	data:application/json;base64,eyJuYW1lIjoiQ2FrZSBORlQgIzQiLCAiZGVzY3JpcHRpb24iOiJBIGRlbGljaW91cyBwc2V1ZG8tcmFuZG9tIG9uLWNoYWluIGNha2UgTkZUISIsICJhdHRyaWJ1dGVzIjogW3sidHJhaXRfdHlwZSI6ICJSYXJpdHkiLCAidmFsdWUiOiAiQ29tbW9uIn0seyJ0cmFpdF90eXBlIjogIk9jY2FzaW9uIiwgInZhbHVlIjogIkNlbGVicmF0aW9uIn0seyJ0cmFpdF90eXBlIjogIlJlZGVlbWFibGUiLCAidmFsdWUiOiAiTm8ifSx7InRyYWl0X3R5cGUiOiAiVHlwZSIsICJ2YWx1ZSI6ICJUaXJhbWlzdSJ9LHsidHJhaXRfdHlwZSI6ICJCYWNrZ3JvdW5kIiwgInZhbHVlIjogIlNreSBCbHVlIn0seyJ0cmFpdF90eXBlIjogIlRva2VuIElEIiwgInZhbHVlIjogNH1dLCAiaW1hZ2UiOiJkYXRhOmltYWdlL3N2Zyt4bWw7YmFzZTY0LFBITjJaeUIyYVdWM1FtOTRQU0l3SURBZ016QXdJRE13TUNJZ2VHMXNibk05SW1oMGRIQTZMeTkzZDNjdWR6TXViM0puTHpJd01EQXZjM1puSWo0Z1BHVnNiR2x3YzJVZ1kzZzlJakUxTUNJZ1kzazlJakl6TUNJZ2NuZzlJakV5TUNJZ2NuazlJakUxSWlCbWFXeHNQU0lqWVRVMU16QmlJaUJ6ZEhKdmEyVTlJaU5oTlRVek1HSWlJSE4wY205clpTMTNhV1IwYUQwaU1TNDFJaTgrUEhKbFkzUWdlRDBpTmpBaUlIazlJakUzTUNJZ2QybGtkR2c5SWpFNE1DSWdhR1ZwWjJoMFBTSTJNQ0lnY25nOUlqRXdJaUJ5ZVQwaU1UQWlJR1pwYkd3OUlpTTFNMk5oTkRFaUlITjBjbTlyWlQwaUl6VXpZMkUwTVNJZ2MzUnliMnRsTFhkcFpIUm9QU0l4SWk4K1BISmxZM1FnZUQwaU9EVWlJSGs5SWpFeU1DSWdkMmxrZEdnOUlqRXpNQ0lnYUdWcFoyaDBQU0kxTUNJZ2NuZzlJakV3SWlCeWVUMGlNVEFpSUdacGJHdzlJaU5tTWpBM1pqRWlJSE4wY205clpUMGlJMll5TURkbU1TSWdjM1J5YjJ0bExYZHBaSFJvUFNJeElpOCtQR1ZzYkdsd2MyVWdZM2c5SWpFMU1DSWdZM2s5SWpFeU1DSWdjbmc5SWpZMUlpQnllVDBpTVRBaUlHWnBiR3c5SWlOall6QXpZV1FpSUhOMGNtOXJaVDBpSTJOak1ETmhaQ0lnYzNSeWIydGxMWGRwWkhSb1BTSXdMalVpTHo0OGNtVmpkQ0I0UFNJeE5EWWlJSGs5SWpnMUlpQjNhV1IwYUQwaU9DSWdhR1ZwWjJoMFBTSXpOU0lnWm1sc2JEMGlJell4TW1KaVpTSWdjM1J5YjJ0bFBTSWpOakV5WW1KbElpQnpkSEp2YTJVdGQybGtkR2c5SWpBdU5TSXZQanh3WVhSb0lHUTlJazB4TlRBc09EVWdVVEUxTUN3M05TQXhOVEFzT0RVZ1RURTBOaXc0TlNCUk1UVXdMRGMxSURFMU5DdzROU0lnWm1sc2JEMGlJMlptWkdRMU5TSWdjM1J5YjJ0bFBTSWpabVpqWXpBd0lpQnpkSEp2YTJVdGQybGtkR2c5SWpFaUx6NDhZMmx5WTJ4bElHTjRQU0l4TVRVaUlHTjVQU0l4TkRVaUlISTlJalVpSUdacGJHdzlJaU01WldZeVpHTWlMejQ4WTJseVkyeGxJR040UFNJeE5UQWlJR041UFNJeE5EVWlJSEk5SWpVaUlHWnBiR3c5SWlNNVpXWXlaR01pTHo0OFkybHlZMnhsSUdONFBTSXhPRFVpSUdONVBTSXhORFVpSUhJOUlqVWlJR1pwYkd3OUlpTTVaV1l5WkdNaUx6NDhjR0YwYUNCa1BTSk5OekFzTVRjd0lFTTVNQ3d4TmpBZ01URXdMREU0TUNBeE16QXNNVGN3SUVNeE5UQXNNVFl3SURFM01Dd3hPREFnTVRrd0xERTNNQ0JETWpFd0xERTJNQ0F5TXpBc01UZ3dJREkxTUN3eE56QWlJR1pwYkd3OUltNXZibVVpSUhOMGNtOXJaVDBpSXpNeU5HTTRPQ0lnYzNSeWIydGxMWGRwWkhSb1BTSXpJaUJ6ZEhKdmEyVXRiR2x1WldOaGNEMGljbTkxYm1RaUx6NDhMM04yWno0PSJ9	2	0.001	0.001	listed	2025-12-31 08:52:14.488	f
\.


--
-- Data for Name: Sold; Type: TABLE DATA; Schema: public; Owner: postgres
--

COPY public."Sold" (id, token_id, price, "soldAt", changed, buyer, seller) FROM stdin;
\.


--
-- Data for Name: User; Type: TABLE DATA; Schema: public; Owner: postgres
--

COPY public."User" (id, wallet, email, created_at, username) FROM stdin;
1	0xf39Fd6e51aad88F6F4ce6aB8827279cffFb92266	\N	2025-12-28 17:33:23.71	\N
2	0xfe6e62eac1ebf82def18edcecca5fce829377cd8	\N	2025-12-28 17:59:32.587	\N
3	0xFe6E62EAC1Ebf82dEF18EDcecCA5fCe829377cd8	\N	2025-12-28 18:30:19.364	\N
\.


--
-- Data for Name: _prisma_migrations; Type: TABLE DATA; Schema: public; Owner: postgres
--

COPY public._prisma_migrations (id, checksum, finished_at, migration_name, logs, rolled_back_at, started_at, applied_steps_count) FROM stdin;
6e671f8d-3275-4290-a72b-f3f6b2bd18e0	a704ed5725190e0f70c5cdaa03b9c33cd30d2b9f0c380aecb3c1e5c6109560c0	2025-12-28 17:07:36.236976+00	20251228105410_baseline_01	\N	\N	2025-12-28 17:07:36.125378+00	1
09c5711e-5eea-4bb4-be3b-9c43b1d25a6e	dd3682e4e555c1e6d1a355439041d576a0d5e64e41a313145dbd58e394a533eb	2025-12-28 17:46:00.544302+00	20251228174600_baseline_02	\N	\N	2025-12-28 17:46:00.470857+00	1
2900c4ca-3691-4408-a310-a2401d856011	1502ae7f835d57f2734b49fb5f9fa65e8bbb8f4b6e9aa9ee9fb581c113f64205	2025-12-28 21:57:18.74841+00	20251228215718_uniques_on_nft_uri	\N	\N	2025-12-28 21:57:18.713706+00	1
7ec98930-e6d0-40ec-a187-05b8be4ebe5f	16ce1b8b4e3c7d65ecc477cb15987697d2180b45c01326a775b50eeb0ce4f68e	2025-12-31 07:23:47.166798+00	20251231072347_added_change_detection	\N	\N	2025-12-31 07:23:47.147784+00	1
b1ed8421-65fc-45a9-a17c-52dc99131a92	066366bb7aab0595aa3d039b261f9bdeb3d717d40af51a610ec321ecbafd3905	2025-12-31 08:56:36.518044+00	20251231085636_baseline_refined_changed_status	\N	\N	2025-12-31 08:56:36.486223+00	1
7e7fdb47-1779-482e-8a5f-c811d3f2fdc4	e2138e5e4427706879fdec97049ed7853707acf478fe700546b89c84bf8a03d0	2025-12-31 12:24:23.562676+00	20251231122423_modified_sold	\N	\N	2025-12-31 12:24:23.545592+00	1
\.


--
-- Name: Collection_id_seq; Type: SEQUENCE SET; Schema: public; Owner: postgres
--

SELECT pg_catalog.setval('public."Collection_id_seq"', 2, true);


--
-- Name: Nft_id_seq; Type: SEQUENCE SET; Schema: public; Owner: postgres
--

SELECT pg_catalog.setval('public."Nft_id_seq"', 14, true);


--
-- Name: Sold_id_seq; Type: SEQUENCE SET; Schema: public; Owner: postgres
--

SELECT pg_catalog.setval('public."Sold_id_seq"', 1, false);


--
-- Name: User_id_seq; Type: SEQUENCE SET; Schema: public; Owner: postgres
--

SELECT pg_catalog.setval('public."User_id_seq"', 3, true);


--
-- Name: Collection Collection_pkey; Type: CONSTRAINT; Schema: public; Owner: postgres
--

ALTER TABLE ONLY public."Collection"
    ADD CONSTRAINT "Collection_pkey" PRIMARY KEY (id);


--
-- Name: Nft Nft_pkey; Type: CONSTRAINT; Schema: public; Owner: postgres
--

ALTER TABLE ONLY public."Nft"
    ADD CONSTRAINT "Nft_pkey" PRIMARY KEY (id);


--
-- Name: Sold Sold_pkey; Type: CONSTRAINT; Schema: public; Owner: postgres
--

ALTER TABLE ONLY public."Sold"
    ADD CONSTRAINT "Sold_pkey" PRIMARY KEY (id);


--
-- Name: User User_pkey; Type: CONSTRAINT; Schema: public; Owner: postgres
--

ALTER TABLE ONLY public."User"
    ADD CONSTRAINT "User_pkey" PRIMARY KEY (id);


--
-- Name: _prisma_migrations _prisma_migrations_pkey; Type: CONSTRAINT; Schema: public; Owner: postgres
--

ALTER TABLE ONLY public._prisma_migrations
    ADD CONSTRAINT _prisma_migrations_pkey PRIMARY KEY (id);


--
-- Name: Nft_uri_key; Type: INDEX; Schema: public; Owner: postgres
--

CREATE UNIQUE INDEX "Nft_uri_key" ON public."Nft" USING btree (uri);


--
-- Name: User_wallet_key; Type: INDEX; Schema: public; Owner: postgres
--

CREATE UNIQUE INDEX "User_wallet_key" ON public."User" USING btree (wallet);


--
-- Name: Collection Collection_user_id_fkey; Type: FK CONSTRAINT; Schema: public; Owner: postgres
--

ALTER TABLE ONLY public."Collection"
    ADD CONSTRAINT "Collection_user_id_fkey" FOREIGN KEY (user_id) REFERENCES public."User"(id) ON UPDATE CASCADE ON DELETE CASCADE;


--
-- Name: Nft Nft_col_id_fkey; Type: FK CONSTRAINT; Schema: public; Owner: postgres
--

ALTER TABLE ONLY public."Nft"
    ADD CONSTRAINT "Nft_col_id_fkey" FOREIGN KEY (col_id) REFERENCES public."Collection"(id) ON UPDATE CASCADE ON DELETE CASCADE;


--
-- Name: Nft Nft_owner_id_fkey; Type: FK CONSTRAINT; Schema: public; Owner: postgres
--

ALTER TABLE ONLY public."Nft"
    ADD CONSTRAINT "Nft_owner_id_fkey" FOREIGN KEY (owner_id) REFERENCES public."User"(id) ON UPDATE CASCADE ON DELETE CASCADE;


--
-- Name: Sold Sold_buyer_fkey; Type: FK CONSTRAINT; Schema: public; Owner: postgres
--

ALTER TABLE ONLY public."Sold"
    ADD CONSTRAINT "Sold_buyer_fkey" FOREIGN KEY (buyer) REFERENCES public."User"(wallet) ON UPDATE CASCADE ON DELETE CASCADE;


--
-- Name: Sold Sold_seller_fkey; Type: FK CONSTRAINT; Schema: public; Owner: postgres
--

ALTER TABLE ONLY public."Sold"
    ADD CONSTRAINT "Sold_seller_fkey" FOREIGN KEY (seller) REFERENCES public."User"(wallet) ON UPDATE CASCADE ON DELETE CASCADE;


--
-- Name: SCHEMA public; Type: ACL; Schema: -; Owner: postgres
--

REVOKE USAGE ON SCHEMA public FROM PUBLIC;


--
-- PostgreSQL database dump complete
--

\unrestrict EnIpOfP8U12gpe9qijRMhHr6e421mJsmsoGacwQnBTA68zXI7Xc1kN0IYPJhHSk

