
-- CreateTable
CREATE TABLE "Collection" (
    "col_uri" TEXT NOT NULL,
    "create_at" TIMESTAMP(3) NOT NULL DEFAULT CURRENT_TIMESTAMP,
    "id" SERIAL NOT NULL,
    "user_id" INTEGER NOT NULL,

    CONSTRAINT "Collection_pkey" PRIMARY KEY ("id")
);

-- CreateTable
CREATE TABLE "Listings" (
    "col_id" INTEGER NOT NULL,
    "nft_id" INTEGER NOT NULL,
    "price" BIGINT NOT NULL,
    "owner" TEXT NOT NULL,
    "listed_at" TIMESTAMP(3) NOT NULL DEFAULT CURRENT_TIMESTAMP,
    "id" SERIAL NOT NULL,

    CONSTRAINT "Listings_pkey" PRIMARY KEY ("id")
);

-- CreateTable
CREATE TABLE "Nft" (
    "col_id" INTEGER NOT NULL,
    "nft_uri" TEXT,
    "name" TEXT NOT NULL,
    "id" SERIAL NOT NULL,
    "token_id" INTEGER NOT NULL,
    "owner_id" INTEGER NOT NULL,

    CONSTRAINT "Nft_pkey" PRIMARY KEY ("id")
);

-- CreateTable
CREATE TABLE "Sold" (
    "tokenId" INTEGER NOT NULL,
    "from" TEXT NOT NULL,
    "to" TEXT NOT NULL,
    "amount" INTEGER NOT NULL,
    "at" TIMESTAMP(3) NOT NULL DEFAULT CURRENT_TIMESTAMP,
    "id" SERIAL NOT NULL,

    CONSTRAINT "Sold_pkey" PRIMARY KEY ("id")
);

-- CreateTable
CREATE TABLE "User" (
    "username" TEXT,
    "wallet" TEXT NOT NULL,
    "email" TEXT,
    "id" SERIAL NOT NULL,

    CONSTRAINT "User_pkey" PRIMARY KEY ("id")
);

-- CreateIndex
CREATE UNIQUE INDEX "User_wallet_key" ON "User"("wallet");

-- AddForeignKey
ALTER TABLE "Collection" ADD CONSTRAINT "Collection_user_id_fkey" FOREIGN KEY ("user_id") REFERENCES "User"("id") ON DELETE RESTRICT ON UPDATE CASCADE;

-- AddForeignKey
ALTER TABLE "Listings" ADD CONSTRAINT "Listings_col_id_fkey" FOREIGN KEY ("col_id") REFERENCES "Collection"("id") ON DELETE RESTRICT ON UPDATE CASCADE;

-- AddForeignKey
ALTER TABLE "Nft" ADD CONSTRAINT "Nft_col_id_fkey" FOREIGN KEY ("col_id") REFERENCES "Collection"("id") ON DELETE RESTRICT ON UPDATE CASCADE;

-- AddForeignKey
ALTER TABLE "Nft" ADD CONSTRAINT "Nft_owner_id_fkey" FOREIGN KEY ("owner_id") REFERENCES "User"("id") ON DELETE RESTRICT ON UPDATE CASCADE;


--
-- PostgreSQL database dump
--

\restrict XlQ3zED3p9AGeJnvi97PcbJfr9slNmtAu03dHIWacSkjweStXTeKieIpWhvVS2O

-- Dumped from database version 16.11 (Ubuntu 16.11-0ubuntu0.24.04.1)
-- Dumped by pg_dump version 16.11 (Ubuntu 16.11-0ubuntu0.24.04.1)

SET statement_timeout = 0;
SET lock_timeout = 0;
SET idle_in_transaction_session_timeout = 0;
SET client_encoding = 'UTF8';
SET standard_conforming_strings = on;
SELECT pg_catalog.set_config('search_path', '', false);
SET check_function_bodies = false;
SET xmloption = content;
SET client_min_messages = warning;
SET row_security = off;

--
-- Data for Name: User; Type: TABLE DATA; Schema: public; Owner: postgres
--

INSERT INTO public."User" (username, wallet, email, id) VALUES (NULL, '0xfe6e62eac1ebf82def18edcecca5fce829377cd8', NULL, 1);
INSERT INTO public."User" (username, wallet, email, id) VALUES (NULL, '0xf39fd6e51aad88f6f4ce6ab8827279cfffb92266', NULL, 11);


--
-- Data for Name: Collection; Type: TABLE DATA; Schema: public; Owner: postgres
--

INSERT INTO public."Collection" (col_uri, create_at, id, user_id) VALUES ('ipfs://bafkreiboib5lajmg2bkqgfokfpv2ofbw4vpppijeobpazsn2gbblq6cu5a', '2025-12-16 22:20:36.092', 1, 1);
INSERT INTO public."Collection" (col_uri, create_at, id, user_id) VALUES ('ipfs://bafkreif5dilijn244txzft4mquuknfqlqos7duq42kowjnxcblionqnsze', '2025-12-16 22:24:33.373', 2, 1);


--
-- Data for Name: Listings; Type: TABLE DATA; Schema: public; Owner: postgres
--



--
-- Data for Name: Nft; Type: TABLE DATA; Schema: public; Owner: postgres
--

INSERT INTO public."Nft" (col_id, id, token_id, owner_id, uri) VALUES (1, 3, 1, 1, 'TOKEN_URI_HERE');
INSERT INTO public."Nft" (col_id, id, token_id, owner_id, uri) VALUES (1, 4, 1, 1, 'data:application/json;base64,eyJuYW1lIjoiQ2FrZSBORlQgIzEiLCAiZGVzY3JpcHRpb24iOiJBIGRlbGljaW91cyBwc2V1ZG8tcmFuZG9tIG9uLWNoYWluIGNha2UgTkZUISIsICJhdHRyaWJ1dGVzIjogW3sidHJhaXRfdHlwZSI6ICJSYXJpdHkiLCAidmFsdWUiOiAiQ29tbW9uIn0seyJ0cmFpdF90eXBlIjogIk9jY2FzaW9uIiwgInZhbHVlIjogIkp1c3QgQmVjYXVzZSJ9LHsidHJhaXRfdHlwZSI6ICJSZWRlZW1hYmxlIiwgInZhbHVlIjogIk5vIn0seyJ0cmFpdF90eXBlIjogIlR5cGUiLCAidmFsdWUiOiAiVGlyYW1pc3UifSx7InRyYWl0X3R5cGUiOiAiQmFja2dyb3VuZCIsICJ2YWx1ZSI6ICJNaW50IEdyZWVuIn0seyJ0cmFpdF90eXBlIjogIlRva2VuIElEIiwgInZhbHVlIjogMX1dLCAiaW1hZ2UiOiJkYXRhOmltYWdlL3N2Zyt4bWw7YmFzZTY0LFBITjJaeUIyYVdWM1FtOTRQU0l3SURBZ016QXdJRE13TUNJZ2VHMXNibk05SW1oMGRIQTZMeTkzZDNjdWR6TXViM0puTHpJd01EQXZjM1puSWo0Z1BHVnNiR2x3YzJVZ1kzZzlJakUxTUNJZ1kzazlJakl6TUNJZ2NuZzlJakV5TUNJZ2NuazlJakUxSWlCbWFXeHNQU0lqWmpWbU9HSXdJaUJ6ZEhKdmEyVTlJaU5tTldZNFlqQWlJSE4wY205clpTMTNhV1IwYUQwaU1TNDFJaTgrUEhKbFkzUWdlRDBpTmpBaUlIazlJakUzTUNJZ2QybGtkR2c5SWpFNE1DSWdhR1ZwWjJoMFBTSTJNQ0lnY25nOUlqRXdJaUJ5ZVQwaU1UQWlJR1pwYkd3OUlpTXlaRE5oTlRZaUlITjBjbTlyWlQwaUl6SmtNMkUxTmlJZ2MzUnliMnRsTFhkcFpIUm9QU0l4SWk4K1BISmxZM1FnZUQwaU9EVWlJSGs5SWpFeU1DSWdkMmxrZEdnOUlqRXpNQ0lnYUdWcFoyaDBQU0kxTUNJZ2NuZzlJakV3SWlCeWVUMGlNVEFpSUdacGJHdzlJaU5sWldRNU4yUWlJSE4wY205clpUMGlJMlZsWkRrM1pDSWdjM1J5YjJ0bExYZHBaSFJvUFNJeElpOCtQR1ZzYkdsd2MyVWdZM2c5SWpFMU1DSWdZM2s5SWpFeU1DSWdjbmc5SWpZMUlpQnllVDBpTVRBaUlHWnBiR3c5SWlNeE9XRmlNR1lpSUhOMGNtOXJaVDBpSXpFNVlXSXdaaUlnYzNSeWIydGxMWGRwWkhSb1BTSXdMalVpTHo0OGNtVmpkQ0I0UFNJeE5EWWlJSGs5SWpnMUlpQjNhV1IwYUQwaU9DSWdhR1ZwWjJoMFBTSXpOU0lnWm1sc2JEMGlJelptTkdVME1TSWdjM1J5YjJ0bFBTSWpObVkwWlRReElpQnpkSEp2YTJVdGQybGtkR2c5SWpBdU5TSXZQanh3WVhSb0lHUTlJazB4TlRBc09EVWdVVEUxTUN3M05TQXhOVEFzT0RVZ1RURTBOaXc0TlNCUk1UVXdMRGMxSURFMU5DdzROU0lnWm1sc2JEMGlJMlptWkdRMU5TSWdjM1J5YjJ0bFBTSWpabVpqWXpBd0lpQnpkSEp2YTJVdGQybGtkR2c5SWpFaUx6NDhZMmx5WTJ4bElHTjRQU0l4TVRVaUlHTjVQU0l4TkRVaUlISTlJalVpSUdacGJHdzlJaU13TkdRNE5UY2lMejQ4WTJseVkyeGxJR040UFNJeE5UQWlJR041UFNJeE5EVWlJSEk5SWpVaUlHWnBiR3c5SWlNd05HUTROVGNpTHo0OFkybHlZMnhsSUdONFBTSXhPRFVpSUdONVBTSXhORFVpSUhJOUlqVWlJR1pwYkd3OUlpTXdOR1E0TlRjaUx6NDhjR0YwYUNCa1BTSk5OekFzTVRjd0lFTTVNQ3d4TmpBZ01URXdMREU0TUNBeE16QXNNVGN3SUVNeE5UQXNNVFl3SURFM01Dd3hPREFnTVRrd0xERTNNQ0JETWpFd0xERTJNQ0F5TXpBc01UZ3dJREkxTUN3eE56QWlJR1pwYkd3OUltNXZibVVpSUhOMGNtOXJaVDBpSTJWaU16RTBaaUlnYzNSeWIydGxMWGRwWkhSb1BTSXpJaUJ6ZEhKdmEyVXRiR2x1WldOaGNEMGljbTkxYm1RaUx6NDhMM04yWno0PSJ9');
INSERT INTO public."Nft" (col_id, id, token_id, owner_id, uri) VALUES (1, 5, 3, 1, 'data:application/json;base64,eyJuYW1lIjoiQ2FrZSBORlQgIzIiLCAiZGVzY3JpcHRpb24iOiJBIGRlbGljaW91cyBwc2V1ZG8tcmFuZG9tIG9uLWNoYWluIGNha2UgTkZUISIsICJhdHRyaWJ1dGVzIjogW3sidHJhaXRfdHlwZSI6ICJSYXJpdHkiLCAidmFsdWUiOiAiQ29tbW9uIn0seyJ0cmFpdF90eXBlIjogIk9jY2FzaW9uIiwgInZhbHVlIjogIldlZGRpbmcifSx7InRyYWl0X3R5cGUiOiAiUmVkZWVtYWJsZSIsICJ2YWx1ZSI6ICJObyJ9LHsidHJhaXRfdHlwZSI6ICJUeXBlIiwgInZhbHVlIjogIkxlbW9uIn0seyJ0cmFpdF90eXBlIjogIkJhY2tncm91bmQiLCAidmFsdWUiOiAiTWludCBHcmVlbiJ9LHsidHJhaXRfdHlwZSI6ICJUb2tlbiBJRCIsICJ2YWx1ZSI6IDJ9XSwgImltYWdlIjoiZGF0YTppbWFnZS9zdmcreG1sO2Jhc2U2NCxQSE4yWnlCMmFXVjNRbTk0UFNJd0lEQWdNekF3SURNd01DSWdlRzFzYm5NOUltaDBkSEE2THk5M2QzY3Vkek11YjNKbkx6SXdNREF2YzNabklqNGdQR1ZzYkdsd2MyVWdZM2c5SWpFMU1DSWdZM2s5SWpJek1DSWdjbmc5SWpFeU1DSWdjbms5SWpFMUlpQm1hV3hzUFNJalpUa3hOR0UySWlCemRISnZhMlU5SWlObE9URTBZVFlpSUhOMGNtOXJaUzEzYVdSMGFEMGlNUzQxSWk4K1BISmxZM1FnZUQwaU5qQWlJSGs5SWpFM01DSWdkMmxrZEdnOUlqRTRNQ0lnYUdWcFoyaDBQU0kyTUNJZ2NuZzlJakV3SWlCeWVUMGlNVEFpSUdacGJHdzlJaU5pTURneU1qQWlJSE4wY205clpUMGlJMkl3T0RJeU1DSWdjM1J5YjJ0bExYZHBaSFJvUFNJeElpOCtQSEpsWTNRZ2VEMGlPRFVpSUhrOUlqRXlNQ0lnZDJsa2RHZzlJakV6TUNJZ2FHVnBaMmgwUFNJMU1DSWdjbmc5SWpFd0lpQnllVDBpTVRBaUlHWnBiR3c5SWlOaE56WTVORFlpSUhOMGNtOXJaVDBpSTJFM05qazBOaUlnYzNSeWIydGxMWGRwWkhSb1BTSXhJaTgrUEdWc2JHbHdjMlVnWTNnOUlqRTFNQ0lnWTNrOUlqRXlNQ0lnY25nOUlqWTFJaUJ5ZVQwaU1UQWlJR1pwYkd3OUlpTTJOek0zT0RJaUlITjBjbTlyWlQwaUl6WTNNemM0TWlJZ2MzUnliMnRsTFhkcFpIUm9QU0l3TGpVaUx6NDhjbVZqZENCNFBTSXhORFlpSUhrOUlqZzFJaUIzYVdSMGFEMGlPQ0lnYUdWcFoyaDBQU0l6TlNJZ1ptbHNiRDBpSTJWbE56TTVOU0lnYzNSeWIydGxQU0lqWldVM016azFJaUJ6ZEhKdmEyVXRkMmxrZEdnOUlqQXVOU0l2UGp4d1lYUm9JR1E5SWsweE5UQXNPRFVnVVRFMU1DdzNOU0F4TlRBc09EVWdUVEUwTml3NE5TQlJNVFV3TERjMUlERTFOQ3c0TlNJZ1ptbHNiRDBpSTJabVpHUTFOU0lnYzNSeWIydGxQU0lqWm1aall6QXdJaUJ6ZEhKdmEyVXRkMmxrZEdnOUlqRWlMejQ4WTJseVkyeGxJR040UFNJeE1UVWlJR041UFNJeE5EVWlJSEk5SWpVaUlHWnBiR3c5SWlNeVkyRTJNR1VpTHo0OFkybHlZMnhsSUdONFBTSXhOVEFpSUdONVBTSXhORFVpSUhJOUlqVWlJR1pwYkd3OUlpTXlZMkUyTUdVaUx6NDhZMmx5WTJ4bElHTjRQU0l4T0RVaUlHTjVQU0l4TkRVaUlISTlJalVpSUdacGJHdzlJaU15WTJFMk1HVWlMejQ4Y0dGMGFDQmtQU0pOTnpBc01UY3dJRU01TUN3eE5qQWdNVEV3TERFNE1DQXhNekFzTVRjd0lFTXhOVEFzTVRZd0lERTNNQ3d4T0RBZ01Ua3dMREUzTUNCRE1qRXdMREUyTUNBeU16QXNNVGd3SURJMU1Dd3hOekFpSUdacGJHdzlJbTV2Ym1VaUlITjBjbTlyWlQwaUkyWTJPVGcwTWlJZ2MzUnliMnRsTFhkcFpIUm9QU0l6SWlCemRISnZhMlV0YkdsdVpXTmhjRDBpY205MWJtUWlMejQ4TDNOMlp6ND0ifQ==');
INSERT INTO public."Nft" (col_id, id, token_id, owner_id, uri) VALUES (1, 6, 4, 1, 'data:application/json;base64,eyJuYW1lIjoiQ2FrZSBORlQgIzMiLCAiZGVzY3JpcHRpb24iOiJBIGRlbGljaW91cyBwc2V1ZG8tcmFuZG9tIG9uLWNoYWluIGNha2UgTkZUISIsICJhdHRyaWJ1dGVzIjogW3sidHJhaXRfdHlwZSI6ICJSYXJpdHkiLCAidmFsdWUiOiAiQ29tbW9uIn0seyJ0cmFpdF90eXBlIjogIk9jY2FzaW9uIiwgInZhbHVlIjogIkJpcnRoZGF5In0seyJ0cmFpdF90eXBlIjogIlJlZGVlbWFibGUiLCAidmFsdWUiOiAiTm8ifSx7InRyYWl0X3R5cGUiOiAiVHlwZSIsICJ2YWx1ZSI6ICJSZWQgVmVsdmV0In0seyJ0cmFpdF90eXBlIjogIkJhY2tncm91bmQiLCAidmFsdWUiOiAiU2t5IEJsdWUifSx7InRyYWl0X3R5cGUiOiAiVG9rZW4gSUQiLCAidmFsdWUiOiAzfV0sICJpbWFnZSI6ImRhdGE6aW1hZ2Uvc3ZnK3htbDtiYXNlNjQsUEhOMlp5QjJhV1YzUW05NFBTSXdJREFnTXpBd0lETXdNQ0lnZUcxc2JuTTlJbWgwZEhBNkx5OTNkM2N1ZHpNdWIzSm5Mekl3TURBdmMzWm5JajRnUEdWc2JHbHdjMlVnWTNnOUlqRTFNQ0lnWTNrOUlqSXpNQ0lnY25nOUlqRXlNQ0lnY25rOUlqRTFJaUJtYVd4c1BTSWpPV1kwTmpVeUlpQnpkSEp2YTJVOUlpTTVaalEyTlRJaUlITjBjbTlyWlMxM2FXUjBhRDBpTVM0MUlpOCtQSEpsWTNRZ2VEMGlOakFpSUhrOUlqRTNNQ0lnZDJsa2RHZzlJakU0TUNJZ2FHVnBaMmgwUFNJMk1DSWdjbmc5SWpFd0lpQnllVDBpTVRBaUlHWnBiR3c5SWlOall6RTRNRFFpSUhOMGNtOXJaVDBpSTJOak1UZ3dOQ0lnYzNSeWIydGxMWGRwWkhSb1BTSXhJaTgrUEhKbFkzUWdlRDBpT0RVaUlIazlJakV5TUNJZ2QybGtkR2c5SWpFek1DSWdhR1ZwWjJoMFBTSTFNQ0lnY25nOUlqRXdJaUJ5ZVQwaU1UQWlJR1pwYkd3OUlpTXdZVGRpTXpJaUlITjBjbTlyWlQwaUl6QmhOMkl6TWlJZ2MzUnliMnRsTFhkcFpIUm9QU0l4SWk4K1BHVnNiR2x3YzJVZ1kzZzlJakUxTUNJZ1kzazlJakV5TUNJZ2NuZzlJalkxSWlCeWVUMGlNVEFpSUdacGJHdzlJaU13T1dFMFpUa2lJSE4wY205clpUMGlJekE1WVRSbE9TSWdjM1J5YjJ0bExYZHBaSFJvUFNJd0xqVWlMejQ4Y21WamRDQjRQU0l4TkRZaUlIazlJamcxSWlCM2FXUjBhRDBpT0NJZ2FHVnBaMmgwUFNJek5TSWdabWxzYkQwaUl6UmtOamxpWVNJZ2MzUnliMnRsUFNJak5HUTJPV0poSWlCemRISnZhMlV0ZDJsa2RHZzlJakF1TlNJdlBqeHdZWFJvSUdROUlrMHhOVEFzT0RVZ1VURTFNQ3czTlNBeE5UQXNPRFVnVFRFME5pdzROU0JSTVRVd0xEYzFJREUxTkN3NE5TSWdabWxzYkQwaUkyWm1aR1ExTlNJZ2MzUnliMnRsUFNJalptWmpZekF3SWlCemRISnZhMlV0ZDJsa2RHZzlJakVpTHo0OFkybHlZMnhsSUdONFBTSXhNVFVpSUdONVBTSXhORFVpSUhJOUlqVWlJR1pwYkd3OUlpTXdObVF6TXpnaUx6NDhZMmx5WTJ4bElHTjRQU0l4TlRBaUlHTjVQU0l4TkRVaUlISTlJalVpSUdacGJHdzlJaU13Tm1Rek16Z2lMejQ4WTJseVkyeGxJR040UFNJeE9EVWlJR041UFNJeE5EVWlJSEk5SWpVaUlHWnBiR3c5SWlNd05tUXpNemdpTHo0OGNHRjBhQ0JrUFNKTk56QXNNVGN3SUVNNU1Dd3hOakFnTVRFd0xERTRNQ0F4TXpBc01UY3dJRU14TlRBc01UWXdJREUzTUN3eE9EQWdNVGt3TERFM01DQkRNakV3TERFMk1DQXlNekFzTVRnd0lESTFNQ3d4TnpBaUlHWnBiR3c5SW01dmJtVWlJSE4wY205clpUMGlJMkk0WW1WalpTSWdjM1J5YjJ0bExYZHBaSFJvUFNJeklpQnpkSEp2YTJVdGJHbHVaV05oY0QwaWNtOTFibVFpTHo0OEwzTjJaejQ9In0=');
INSERT INTO public."Nft" (col_id, id, token_id, owner_id, uri) VALUES (1, 7, 5, 1, ' data:application/json;base64,eyJuYW1lIjoiQ2FrZSBORlQgIzQiLCAiZGVzY3JpcHRpb24iOiJBIGRlbGljaW91cyBwc2V1ZG8tcmFuZG9tIG9uLWNoYWluIGNha2UgTkZUISIsICJhdHRyaWJ1dGVzIjogW3sidHJhaXRfdHlwZSI6ICJSYXJpdHkiLCAidmFsdWUiOiAiVW5jb21tb24ifSx7InRyYWl0X3R5cGUiOiAiT2NjYXNpb24iLCAidmFsdWUiOiAiV2VkZGluZyJ9LHsidHJhaXRfdHlwZSI6ICJSZWRlZW1hYmxlIiwgInZhbHVlIjogIk5vIn0seyJ0cmFpdF90eXBlIjogIlR5cGUiLCAidmFsdWUiOiAiVGlyYW1pc3UifSx7InRyYWl0X3R5cGUiOiAiQmFja2dyb3VuZCIsICJ2YWx1ZSI6ICJQZWFjaHkifSx7InRyYWl0X3R5cGUiOiAiVG9rZW4gSUQiLCAidmFsdWUiOiA0fV0sICJpbWFnZSI6ImRhdGE6aW1hZ2Uvc3ZnK3htbDtiYXNlNjQsUEhOMlp5QjJhV1YzUW05NFBTSXdJREFnTXpBd0lETXdNQ0lnZUcxc2JuTTlJbWgwZEhBNkx5OTNkM2N1ZHpNdWIzSm5Mekl3TURBdmMzWm5JajRnUEdWc2JHbHdjMlVnWTNnOUlqRTFNQ0lnWTNrOUlqSXpNQ0lnY25nOUlqRXlNQ0lnY25rOUlqRTFJaUJtYVd4c1BTSWpNVFV3T1RObElpQnpkSEp2YTJVOUlpTXhOVEE1TTJVaUlITjBjbTlyWlMxM2FXUjBhRDBpTVM0MUlpOCtQSEpsWTNRZ2VEMGlOakFpSUhrOUlqRTNNQ0lnZDJsa2RHZzlJakU0TUNJZ2FHVnBaMmgwUFNJMk1DSWdjbmc5SWpFd0lpQnllVDBpTVRBaUlHWnBiR3c5SWlNNVptWXpaR1FpSUhOMGNtOXJaVDBpSXpsbVpqTmtaQ0lnYzNSeWIydGxMWGRwWkhSb1BTSXhJaTgrUEhKbFkzUWdlRDBpT0RVaUlIazlJakV5TUNJZ2QybGtkR2c5SWpFek1DSWdhR1ZwWjJoMFBTSTFNQ0lnY25nOUlqRXdJaUJ5ZVQwaU1UQWlJR1pwYkd3OUlpTTJOREUzTW1FaUlITjBjbTlyWlQwaUl6WTBNVGN5WVNJZ2MzUnliMnRsTFhkcFpIUm9QU0l4SWk4K1BHVnNiR2x3YzJVZ1kzZzlJakUxTUNJZ1kzazlJakV5TUNJZ2NuZzlJalkxSWlCeWVUMGlNVEFpSUdacGJHdzlJaU0xTlRGaU5UQWlJSE4wY205clpUMGlJelUxTVdJMU1DSWdjM1J5YjJ0bExYZHBaSFJvUFNJd0xqVWlMejQ4Y21WamRDQjRQU0l4TkRZaUlIazlJamcxSWlCM2FXUjBhRDBpT0NJZ2FHVnBaMmgwUFNJek5TSWdabWxzYkQwaUl6azJNak16WXlJZ2MzUnliMnRsUFNJak9UWXlNek5qSWlCemRISnZhMlV0ZDJsa2RHZzlJakF1TlNJdlBqeHdZWFJvSUdROUlrMHhOVEFzT0RVZ1VURTFNQ3czTlNBeE5UQXNPRFVnVFRFME5pdzROU0JSTVRVd0xEYzFJREUxTkN3NE5TSWdabWxzYkQwaUkyWm1aR1ExTlNJZ2MzUnliMnRsUFNJalptWmpZekF3SWlCemRISnZhMlV0ZDJsa2RHZzlJakVpTHo0OFkybHlZMnhsSUdONFBTSXhNVFVpSUdONVBTSXhORFVpSUhJOUlqVWlJR1pwYkd3OUlpTmlOelJpWW1JaUx6NDhZMmx5WTJ4bElHTjRQU0l4TlRBaUlHTjVQU0l4TkRVaUlISTlJalVpSUdacGJHdzlJaU5pTnpSaVltSWlMejQ4WTJseVkyeGxJR040UFNJeE9EVWlJR041UFNJeE5EVWlJSEk5SWpVaUlHWnBiR3c5SWlOaU56UmlZbUlpTHo0OGNHRjBhQ0JrUFNKTk56QXNNVGN3SUVNNU1Dd3hOakFnTVRFd0xERTRNQ0F4TXpBc01UY3dJRU14TlRBc01UWXdJREUzTUN3eE9EQWdNVGt3TERFM01DQkRNakV3TERFMk1DQXlNekFzTVRnd0lESTFNQ3d4TnpBaUlHWnBiR3c5SW01dmJtVWlJSE4wY205clpUMGlJekJpWlRsbE9TSWdjM1J5YjJ0bExYZHBaSFJvUFNJeklpQnpkSEp2YTJVdGJHbHVaV05oY0QwaWNtOTFibVFpTHo0OEwzTjJaejQ9In0=');
INSERT INTO public."Nft" (col_id, id, token_id, owner_id, uri) VALUES (1, 8, 6, 1, ' data:application/json;base64,eyJuYW1lIjoiQ2FrZSBORlQgIzUiLCAiZGVzY3JpcHRpb24iOiJBIGRlbGljaW91cyBwc2V1ZG8tcmFuZG9tIG9uLWNoYWluIGNha2UgTkZUISIsICJhdHRyaWJ1dGVzIjogW3sidHJhaXRfdHlwZSI6ICJSYXJpdHkiLCAidmFsdWUiOiAiVW5jb21tb24ifSx7InRyYWl0X3R5cGUiOiAiT2NjYXNpb24iLCAidmFsdWUiOiAiSG9saWRheSJ9LHsidHJhaXRfdHlwZSI6ICJSZWRlZW1hYmxlIiwgInZhbHVlIjogIk5vIn0seyJ0cmFpdF90eXBlIjogIlR5cGUiLCAidmFsdWUiOiAiU3RyYXdiZXJyeSJ9LHsidHJhaXRfdHlwZSI6ICJCYWNrZ3JvdW5kIiwgInZhbHVlIjogIk1pbnQgR3JlZW4ifSx7InRyYWl0X3R5cGUiOiAiVG9rZW4gSUQiLCAidmFsdWUiOiA1fV0sICJpbWFnZSI6ImRhdGE6aW1hZ2Uvc3ZnK3htbDtiYXNlNjQsUEhOMlp5QjJhV1YzUW05NFBTSXdJREFnTXpBd0lETXdNQ0lnZUcxc2JuTTlJbWgwZEhBNkx5OTNkM2N1ZHpNdWIzSm5Mekl3TURBdmMzWm5JajRnUEdWc2JHbHdjMlVnWTNnOUlqRTFNQ0lnWTNrOUlqSXpNQ0lnY25nOUlqRXlNQ0lnY25rOUlqRTFJaUJtYVd4c1BTSWpaakkwWkRFMklpQnpkSEp2YTJVOUlpTm1NalJrTVRZaUlITjBjbTlyWlMxM2FXUjBhRDBpTVM0MUlpOCtQSEpsWTNRZ2VEMGlOakFpSUhrOUlqRTNNQ0lnZDJsa2RHZzlJakU0TUNJZ2FHVnBaMmgwUFNJMk1DSWdjbmc5SWpFd0lpQnllVDBpTVRBaUlHWnBiR3c5SWlNM01EVTBOellpSUhOMGNtOXJaVDBpSXpjd05UUTNOaUlnYzNSeWIydGxMWGRwWkhSb1BTSXhJaTgrUEhKbFkzUWdlRDBpT0RVaUlIazlJakV5TUNJZ2QybGtkR2c5SWpFek1DSWdhR1ZwWjJoMFBTSTFNQ0lnY25nOUlqRXdJaUJ5ZVQwaU1UQWlJR1pwYkd3OUlpTmtNalpsTWpjaUlITjBjbTlyWlQwaUkyUXlObVV5TnlJZ2MzUnliMnRsTFhkcFpIUm9QU0l4SWk4K1BHVnNiR2x3YzJVZ1kzZzlJakUxTUNJZ1kzazlJakV5TUNJZ2NuZzlJalkxSWlCeWVUMGlNVEFpSUdacGJHdzlJaU14TnpNMFpqSWlJSE4wY205clpUMGlJekUzTXpSbU1pSWdjM1J5YjJ0bExYZHBaSFJvUFNJd0xqVWlMejQ4Y21WamRDQjRQU0l4TkRZaUlIazlJamcxSWlCM2FXUjBhRDBpT0NJZ2FHVnBaMmgwUFNJek5TSWdabWxzYkQwaUl6UTRNR1k0WlNJZ2MzUnliMnRsUFNJak5EZ3daamhsSWlCemRISnZhMlV0ZDJsa2RHZzlJakF1TlNJdlBqeHdZWFJvSUdROUlrMHhOVEFzT0RVZ1VURTFNQ3czTlNBeE5UQXNPRFVnVFRFME5pdzROU0JSTVRVd0xEYzFJREUxTkN3NE5TSWdabWxzYkQwaUkyWm1aR1ExTlNJZ2MzUnliMnRsUFNJalptWmpZekF3SWlCemRISnZhMlV0ZDJsa2RHZzlJakVpTHo0OFkybHlZMnhsSUdONFBTSXhNVFVpSUdONVBTSXhORFVpSUhJOUlqVWlJR1pwYkd3OUlpTmxZemxoTmpFaUx6NDhZMmx5WTJ4bElHTjRQU0l4TlRBaUlHTjVQU0l4TkRVaUlISTlJalVpSUdacGJHdzlJaU5sWXpsaE5qRWlMejQ4WTJseVkyeGxJR040UFNJeE9EVWlJR041UFNJeE5EVWlJSEk5SWpVaUlHWnBiR3c5SWlObFl6bGhOakVpTHo0OGNHRjBhQ0JrUFNKTk56QXNNVGN3SUVNNU1Dd3hOakFnTVRFd0xERTRNQ0F4TXpBc01UY3dJRU14TlRBc01UWXdJREUzTUN3eE9EQWdNVGt3TERFM01DQkRNakV3TERFMk1DQXlNekFzTVRnd0lESTFNQ3d4TnpBaUlHWnBiR3c5SW01dmJtVWlJSE4wY205clpUMGlJMkV3WWpjd1pDSWdjM1J5YjJ0bExYZHBaSFJvUFNJeklpQnpkSEp2YTJVdGJHbHVaV05oY0QwaWNtOTFibVFpTHo0OEwzTjJaejQ9In0=');
INSERT INTO public."Nft" (col_id, id, token_id, owner_id, uri) VALUES (1, 9, 6, 1, 'data:application/json;base64,eyJuYW1lIjoiQ2FrZSBORlQgIzYiLCAiZGVzY3JpcHRpb24iOiJBIGRlbGljaW91cyBwc2V1ZG8tcmFuZG9tIG9uLWNoYWluIGNha2UgTkZUISIsICJhdHRyaWJ1dGVzIjogW3sidHJhaXRfdHlwZSI6ICJSYXJpdHkiLCAidmFsdWUiOiAiQ29tbW9uIn0seyJ0cmFpdF90eXBlIjogIk9jY2FzaW9uIiwgInZhbHVlIjogIldlZGRpbmcifSx7InRyYWl0X3R5cGUiOiAiUmVkZWVtYWJsZSIsICJ2YWx1ZSI6ICJZZXMifSx7InRyYWl0X3R5cGUiOiAiVHlwZSIsICJ2YWx1ZSI6ICJUaXJhbWlzdSJ9LHsidHJhaXRfdHlwZSI6ICJCYWNrZ3JvdW5kIiwgInZhbHVlIjogIkxhdmVuZGVyIn0seyJ0cmFpdF90eXBlIjogIlRva2VuIElEIiwgInZhbHVlIjogNn1dLCAiaW1hZ2UiOiJkYXRhOmltYWdlL3N2Zyt4bWw7YmFzZTY0LFBITjJaeUIyYVdWM1FtOTRQU0l3SURBZ016QXdJRE13TUNJZ2VHMXNibk05SW1oMGRIQTZMeTkzZDNjdWR6TXViM0puTHpJd01EQXZjM1puSWo0Z1BHVnNiR2x3YzJVZ1kzZzlJakUxTUNJZ1kzazlJakl6TUNJZ2NuZzlJakV5TUNJZ2NuazlJakUxSWlCbWFXeHNQU0lqT1RGbE9XRXpJaUJ6ZEhKdmEyVTlJaU01TVdVNVlUTWlJSE4wY205clpTMTNhV1IwYUQwaU1TNDFJaTgrUEhKbFkzUWdlRDBpTmpBaUlIazlJakUzTUNJZ2QybGtkR2c5SWpFNE1DSWdhR1ZwWjJoMFBTSTJNQ0lnY25nOUlqRXdJaUJ5ZVQwaU1UQWlJR1pwYkd3OUlpTmhNRGcyTlRVaUlITjBjbTlyWlQwaUkyRXdPRFkxTlNJZ2MzUnliMnRsTFhkcFpIUm9QU0l4SWk4K1BISmxZM1FnZUQwaU9EVWlJSGs5SWpFeU1DSWdkMmxrZEdnOUlqRXpNQ0lnYUdWcFoyaDBQU0kxTUNJZ2NuZzlJakV3SWlCeWVUMGlNVEFpSUdacGJHdzlJaU13TkRKbE1qRWlJSE4wY205clpUMGlJekEwTW1VeU1TSWdjM1J5YjJ0bExYZHBaSFJvUFNJeElpOCtQR1ZzYkdsd2MyVWdZM2c5SWpFMU1DSWdZM2s5SWpFeU1DSWdjbmc5SWpZMUlpQnllVDBpTVRBaUlHWnBiR3c5SWlNM056ZzBNRGNpSUhOMGNtOXJaVDBpSXpjM09EUXdOeUlnYzNSeWIydGxMWGRwWkhSb1BTSXdMalVpTHo0OGNtVmpkQ0I0UFNJeE5EWWlJSGs5SWpnMUlpQjNhV1IwYUQwaU9DSWdhR1ZwWjJoMFBTSXpOU0lnWm1sc2JEMGlJelkwTUdVM1pTSWdjM1J5YjJ0bFBTSWpOalF3WlRkbElpQnpkSEp2YTJVdGQybGtkR2c5SWpBdU5TSXZQanh3WVhSb0lHUTlJazB4TlRBc09EVWdVVEUxTUN3M05TQXhOVEFzT0RVZ1RURTBOaXc0TlNCUk1UVXdMRGMxSURFMU5DdzROU0lnWm1sc2JEMGlJMlptWkdRMU5TSWdjM1J5YjJ0bFBTSWpabVpqWXpBd0lpQnpkSEp2YTJVdGQybGtkR2c5SWpFaUx6NDhZMmx5WTJ4bElHTjRQU0l4TVRVaUlHTjVQU0l4TkRVaUlISTlJalVpSUdacGJHdzlJaU0zT1RZMFpqZ2lMejQ4WTJseVkyeGxJR040UFNJeE5UQWlJR041UFNJeE5EVWlJSEk5SWpVaUlHWnBiR3c5SWlNM09UWTBaamdpTHo0OFkybHlZMnhsSUdONFBTSXhPRFVpSUdONVBTSXhORFVpSUhJOUlqVWlJR1pwYkd3OUlpTTNPVFkwWmpnaUx6NDhjR0YwYUNCa1BTSk5OekFzTVRjd0lFTTVNQ3d4TmpBZ01URXdMREU0TUNBeE16QXNNVGN3SUVNeE5UQXNNVFl3SURFM01Dd3hPREFnTVRrd0xERTNNQ0JETWpFd0xERTJNQ0F5TXpBc01UZ3dJREkxTUN3eE56QWlJR1pwYkd3OUltNXZibVVpSUhOMGNtOXJaVDBpSXpjMU4yVm1aQ0lnYzNSeWIydGxMWGRwWkhSb1BTSXpJaUJ6ZEhKdmEyVXRiR2x1WldOaGNEMGljbTkxYm1RaUx6NDhMM04yWno0PSJ9');
INSERT INTO public."Nft" (col_id, id, token_id, owner_id, uri) VALUES (1, 10, 7, 1, 'data:application/json;base64,eyJuYW1lIjoiQ2FrZSBORlQgIzciLCAiZGVzY3JpcHRpb24iOiJBIGRlbGljaW91cyBwc2V1ZG8tcmFuZG9tIG9uLWNoYWluIGNha2UgTkZUISIsICJhdHRyaWJ1dGVzIjogW3sidHJhaXRfdHlwZSI6ICJSYXJpdHkiLCAidmFsdWUiOiAiVW5jb21tb24ifSx7InRyYWl0X3R5cGUiOiAiT2NjYXNpb24iLCAidmFsdWUiOiAiR3JhZHVhdGlvbiJ9LHsidHJhaXRfdHlwZSI6ICJSZWRlZW1hYmxlIiwgInZhbHVlIjogIk5vIn0seyJ0cmFpdF90eXBlIjogIlR5cGUiLCAidmFsdWUiOiAiUmVkIFZlbHZldCJ9LHsidHJhaXRfdHlwZSI6ICJCYWNrZ3JvdW5kIiwgInZhbHVlIjogIlBlYWNoeSJ9LHsidHJhaXRfdHlwZSI6ICJUb2tlbiBJRCIsICJ2YWx1ZSI6IDd9XSwgImltYWdlIjoiZGF0YTppbWFnZS9zdmcreG1sO2Jhc2U2NCxQSE4yWnlCMmFXVjNRbTk0UFNJd0lEQWdNekF3SURNd01DSWdlRzFzYm5NOUltaDBkSEE2THk5M2QzY3Vkek11YjNKbkx6SXdNREF2YzNabklqNGdQR1ZzYkdsd2MyVWdZM2c5SWpFMU1DSWdZM2s5SWpJek1DSWdjbmc5SWpFeU1DSWdjbms5SWpFMUlpQm1hV3hzUFNJak16WXdaak0ySWlCemRISnZhMlU5SWlNek5qQm1NellpSUhOMGNtOXJaUzEzYVdSMGFEMGlNUzQxSWk4K1BISmxZM1FnZUQwaU5qQWlJSGs5SWpFM01DSWdkMmxrZEdnOUlqRTRNQ0lnYUdWcFoyaDBQU0kyTUNJZ2NuZzlJakV3SWlCeWVUMGlNVEFpSUdacGJHdzlJaU0zTm1JMFkySWlJSE4wY205clpUMGlJemMyWWpSallpSWdjM1J5YjJ0bExYZHBaSFJvUFNJeElpOCtQSEpsWTNRZ2VEMGlPRFVpSUhrOUlqRXlNQ0lnZDJsa2RHZzlJakV6TUNJZ2FHVnBaMmgwUFNJMU1DSWdjbmc5SWpFd0lpQnllVDBpTVRBaUlHWnBiR3c5SWlObU1XVTJPVFVpSUhOMGNtOXJaVDBpSTJZeFpUWTVOU0lnYzNSeWIydGxMWGRwWkhSb1BTSXhJaTgrUEdWc2JHbHdjMlVnWTNnOUlqRTFNQ0lnWTNrOUlqRXlNQ0lnY25nOUlqWTFJaUJ5ZVQwaU1UQWlJR1pwYkd3OUlpTTVaR1ZpWVRZaUlITjBjbTlyWlQwaUl6bGtaV0poTmlJZ2MzUnliMnRsTFhkcFpIUm9QU0l3TGpVaUx6NDhjbVZqZENCNFBTSXhORFlpSUhrOUlqZzFJaUIzYVdSMGFEMGlPQ0lnYUdWcFoyaDBQU0l6TlNJZ1ptbHNiRDBpSXpjeU16WTJOeUlnYzNSeWIydGxQU0lqTnpJek5qWTNJaUJ6ZEhKdmEyVXRkMmxrZEdnOUlqQXVOU0l2UGp4d1lYUm9JR1E5SWsweE5UQXNPRFVnVVRFMU1DdzNOU0F4TlRBc09EVWdUVEUwTml3NE5TQlJNVFV3TERjMUlERTFOQ3c0TlNJZ1ptbHNiRDBpSTJabVpHUTFOU0lnYzNSeWIydGxQU0lqWm1aall6QXdJaUJ6ZEhKdmEyVXRkMmxrZEdnOUlqRWlMejQ4WTJseVkyeGxJR040UFNJeE1UVWlJR041UFNJeE5EVWlJSEk5SWpVaUlHWnBiR3c5SWlNNVpHTTBZVGdpTHo0OFkybHlZMnhsSUdONFBTSXhOVEFpSUdONVBTSXhORFVpSUhJOUlqVWlJR1pwYkd3OUlpTTVaR00wWVRnaUx6NDhZMmx5WTJ4bElHTjRQU0l4T0RVaUlHTjVQU0l4TkRVaUlISTlJalVpSUdacGJHdzlJaU01WkdNMFlUZ2lMejQ4Y0dGMGFDQmtQU0pOTnpBc01UY3dJRU01TUN3eE5qQWdNVEV3TERFNE1DQXhNekFzTVRjd0lFTXhOVEFzTVRZd0lERTNNQ3d4T0RBZ01Ua3dMREUzTUNCRE1qRXdMREUyTUNBeU16QXNNVGd3SURJMU1Dd3hOekFpSUdacGJHdzlJbTV2Ym1VaUlITjBjbTlyWlQwaUl6VTFNelEyWVNJZ2MzUnliMnRsTFhkcFpIUm9QU0l6SWlCemRISnZhMlV0YkdsdVpXTmhjRDBpY205MWJtUWlMejQ4TDNOMlp6ND0ifQ==');
INSERT INTO public."Nft" (col_id, id, token_id, owner_id, uri) VALUES (1, 11, 8, 1, 'data:application/json;base64,eyJuYW1lIjoiQ2FrZSBORlQgIzgiLCAiZGVzY3JpcHRpb24iOiJBIGRlbGljaW91cyBwc2V1ZG8tcmFuZG9tIG9uLWNoYWluIGNha2UgTkZUISIsICJhdHRyaWJ1dGVzIjogW3sidHJhaXRfdHlwZSI6ICJSYXJpdHkiLCAidmFsdWUiOiAiQ29tbW9uIn0seyJ0cmFpdF90eXBlIjogIk9jY2FzaW9uIiwgInZhbHVlIjogIldlZGRpbmcifSx7InRyYWl0X3R5cGUiOiAiUmVkZWVtYWJsZSIsICJ2YWx1ZSI6ICJObyJ9LHsidHJhaXRfdHlwZSI6ICJUeXBlIiwgInZhbHVlIjogIlJlZCBWZWx2ZXQifSx7InRyYWl0X3R5cGUiOiAiQmFja2dyb3VuZCIsICJ2YWx1ZSI6ICJQYXN0ZWwgUGluayJ9LHsidHJhaXRfdHlwZSI6ICJUb2tlbiBJRCIsICJ2YWx1ZSI6IDh9XSwgImltYWdlIjoiZGF0YTppbWFnZS9zdmcreG1sO2Jhc2U2NCxQSE4yWnlCMmFXVjNRbTk0UFNJd0lEQWdNekF3SURNd01DSWdlRzFzYm5NOUltaDBkSEE2THk5M2QzY3Vkek11YjNKbkx6SXdNREF2YzNabklqNGdQR1ZzYkdsd2MyVWdZM2c5SWpFMU1DSWdZM2s5SWpJek1DSWdjbmc5SWpFeU1DSWdjbms5SWpFMUlpQm1hV3hzUFNJalltRm1ORE5tSWlCemRISnZhMlU5SWlOaVlXWTBNMllpSUhOMGNtOXJaUzEzYVdSMGFEMGlNUzQxSWk4K1BISmxZM1FnZUQwaU5qQWlJSGs5SWpFM01DSWdkMmxrZEdnOUlqRTRNQ0lnYUdWcFoyaDBQU0kyTUNJZ2NuZzlJakV3SWlCeWVUMGlNVEFpSUdacGJHdzlJaU15TkRNMlpEVWlJSE4wY205clpUMGlJekkwTXpaa05TSWdjM1J5YjJ0bExYZHBaSFJvUFNJeElpOCtQSEpsWTNRZ2VEMGlPRFVpSUhrOUlqRXlNQ0lnZDJsa2RHZzlJakV6TUNJZ2FHVnBaMmgwUFNJMU1DSWdjbmc5SWpFd0lpQnllVDBpTVRBaUlHWnBiR3c5SWlNek1tWXlaV1VpSUhOMGNtOXJaVDBpSXpNeVpqSmxaU0lnYzNSeWIydGxMWGRwWkhSb1BTSXhJaTgrUEdWc2JHbHdjMlVnWTNnOUlqRTFNQ0lnWTNrOUlqRXlNQ0lnY25nOUlqWTFJaUJ5ZVQwaU1UQWlJR1pwYkd3OUlpTmlZbU0zTXpRaUlITjBjbTlyWlQwaUkySmlZemN6TkNJZ2MzUnliMnRsTFhkcFpIUm9QU0l3TGpVaUx6NDhjbVZqZENCNFBTSXhORFlpSUhrOUlqZzFJaUIzYVdSMGFEMGlPQ0lnYUdWcFoyaDBQU0l6TlNJZ1ptbHNiRDBpSXpCalkyVmpNU0lnYzNSeWIydGxQU0lqTUdOalpXTXhJaUJ6ZEhKdmEyVXRkMmxrZEdnOUlqQXVOU0l2UGp4d1lYUm9JR1E5SWsweE5UQXNPRFVnVVRFMU1DdzNOU0F4TlRBc09EVWdUVEUwTml3NE5TQlJNVFV3TERjMUlERTFOQ3c0TlNJZ1ptbHNiRDBpSTJabVpHUTFOU0lnYzNSeWIydGxQU0lqWm1aall6QXdJaUJ6ZEhKdmEyVXRkMmxrZEdnOUlqRWlMejQ4WTJseVkyeGxJR040UFNJeE1UVWlJR041UFNJeE5EVWlJSEk5SWpVaUlHWnBiR3c5SWlNMFlqZzBNVFVpTHo0OFkybHlZMnhsSUdONFBTSXhOVEFpSUdONVBTSXhORFVpSUhJOUlqVWlJR1pwYkd3OUlpTTBZamcwTVRVaUx6NDhZMmx5WTJ4bElHTjRQU0l4T0RVaUlHTjVQU0l4TkRVaUlISTlJalVpSUdacGJHdzlJaU0wWWpnME1UVWlMejQ4Y0dGMGFDQmtQU0pOTnpBc01UY3dJRU01TUN3eE5qQWdNVEV3TERFNE1DQXhNekFzTVRjd0lFTXhOVEFzTVRZd0lERTNNQ3d4T0RBZ01Ua3dMREUzTUNCRE1qRXdMREUyTUNBeU16QXNNVGd3SURJMU1Dd3hOekFpSUdacGJHdzlJbTV2Ym1VaUlITjBjbTlyWlQwaUl6aGlOREJsTWlJZ2MzUnliMnRsTFhkcFpIUm9QU0l6SWlCemRISnZhMlV0YkdsdVpXTmhjRDBpY205MWJtUWlMejQ4TDNOMlp6ND0ifQ==');
INSERT INTO public."Nft" (col_id, id, token_id, owner_id, uri) VALUES (1, 12, 9, 1, 'data:application/json;base64,eyJuYW1lIjoiQ2FrZSBORlQgIzkiLCAiZGVzY3JpcHRpb24iOiJBIGRlbGljaW91cyBwc2V1ZG8tcmFuZG9tIG9uLWNoYWluIGNha2UgTkZUISIsICJhdHRyaWJ1dGVzIjogW3sidHJhaXRfdHlwZSI6ICJSYXJpdHkiLCAidmFsdWUiOiAiQ29tbW9uIn0seyJ0cmFpdF90eXBlIjogIk9jY2FzaW9uIiwgInZhbHVlIjogIkNlbGVicmF0aW9uIn0seyJ0cmFpdF90eXBlIjogIlJlZGVlbWFibGUiLCAidmFsdWUiOiAiTm8ifSx7InRyYWl0X3R5cGUiOiAiVHlwZSIsICJ2YWx1ZSI6ICJTdHJhd2JlcnJ5In0seyJ0cmFpdF90eXBlIjogIkJhY2tncm91bmQiLCAidmFsdWUiOiAiU2t5IEJsdWUifSx7InRyYWl0X3R5cGUiOiAiVG9rZW4gSUQiLCAidmFsdWUiOiA5fV0sICJpbWFnZSI6ImRhdGE6aW1hZ2Uvc3ZnK3htbDtiYXNlNjQsUEhOMlp5QjJhV1YzUW05NFBTSXdJREFnTXpBd0lETXdNQ0lnZUcxc2JuTTlJbWgwZEhBNkx5OTNkM2N1ZHpNdWIzSm5Mekl3TURBdmMzWm5JajRnUEdWc2JHbHdjMlVnWTNnOUlqRTFNQ0lnWTNrOUlqSXpNQ0lnY25nOUlqRXlNQ0lnY25rOUlqRTFJaUJtYVd4c1BTSWpPRE01WWpGa0lpQnpkSEp2YTJVOUlpTTRNemxpTVdRaUlITjBjbTlyWlMxM2FXUjBhRDBpTVM0MUlpOCtQSEpsWTNRZ2VEMGlOakFpSUhrOUlqRTNNQ0lnZDJsa2RHZzlJakU0TUNJZ2FHVnBaMmgwUFNJMk1DSWdjbmc5SWpFd0lpQnllVDBpTVRBaUlHWnBiR3c5SWlNNU9HSmtaV1FpSUhOMGNtOXJaVDBpSXprNFltUmxaQ0lnYzNSeWIydGxMWGRwWkhSb1BTSXhJaTgrUEhKbFkzUWdlRDBpT0RVaUlIazlJakV5TUNJZ2QybGtkR2c5SWpFek1DSWdhR1ZwWjJoMFBTSTFNQ0lnY25nOUlqRXdJaUJ5ZVQwaU1UQWlJR1pwYkd3OUlpTXpOR1V4TmpZaUlITjBjbTlyWlQwaUl6TTBaVEUyTmlJZ2MzUnliMnRsTFhkcFpIUm9QU0l4SWk4K1BHVnNiR2x3YzJVZ1kzZzlJakUxTUNJZ1kzazlJakV5TUNJZ2NuZzlJalkxSWlCeWVUMGlNVEFpSUdacGJHdzlJaU0xWTJZM1pHSWlJSE4wY205clpUMGlJelZqWmpka1lpSWdjM1J5YjJ0bExYZHBaSFJvUFNJd0xqVWlMejQ4Y21WamRDQjRQU0l4TkRZaUlIazlJamcxSWlCM2FXUjBhRDBpT0NJZ2FHVnBaMmgwUFNJek5TSWdabWxzYkQwaUl6WXlZVGxpTmlJZ2MzUnliMnRsUFNJak5qSmhPV0kySWlCemRISnZhMlV0ZDJsa2RHZzlJakF1TlNJdlBqeHdZWFJvSUdROUlrMHhOVEFzT0RVZ1VURTFNQ3czTlNBeE5UQXNPRFVnVFRFME5pdzROU0JSTVRVd0xEYzFJREUxTkN3NE5TSWdabWxzYkQwaUkyWm1aR1ExTlNJZ2MzUnliMnRsUFNJalptWmpZekF3SWlCemRISnZhMlV0ZDJsa2RHZzlJakVpTHo0OFkybHlZMnhsSUdONFBTSXhNVFVpSUdONVBTSXhORFVpSUhJOUlqVWlJR1pwYkd3OUlpTTBZVEk1WXpJaUx6NDhZMmx5WTJ4bElHTjRQU0l4TlRBaUlHTjVQU0l4TkRVaUlISTlJalVpSUdacGJHdzlJaU0wWVRJNVl6SWlMejQ4WTJseVkyeGxJR040UFNJeE9EVWlJR041UFNJeE5EVWlJSEk5SWpVaUlHWnBiR3c5SWlNMFlUSTVZeklpTHo0OGNHRjBhQ0JrUFNKTk56QXNNVGN3SUVNNU1Dd3hOakFnTVRFd0xERTRNQ0F4TXpBc01UY3dJRU14TlRBc01UWXdJREUzTUN3eE9EQWdNVGt3TERFM01DQkRNakV3TERFMk1DQXlNekFzTVRnd0lESTFNQ3d4TnpBaUlHWnBiR3c5SW01dmJtVWlJSE4wY205clpUMGlJekkxTkRrME1pSWdjM1J5YjJ0bExYZHBaSFJvUFNJeklpQnpkSEp2YTJVdGJHbHVaV05oY0QwaWNtOTFibVFpTHo0OEwzTjJaejQ9In0=');
INSERT INTO public."Nft" (col_id, id, token_id, owner_id, uri) VALUES (2, 13, 0, 1, 'ipfs://bafkreiamcsnsnr4arhgnhbotrewmtrzzm5qfaun5pbfdqclxti5e7yjmee');
INSERT INTO public."Nft" (col_id, id, token_id, owner_id, uri) VALUES (2, 14, 1, 1, 'ipfs://bafkreigpdfptgnfwx3e3khgz27gp45a2tdthhesscbjt5xcr4pc4vdii24');
INSERT INTO public."Nft" (col_id, id, token_id, owner_id, uri) VALUES (2, 15, 2, 1, 'ipfs://bafkreiamtecdvzmydnfz2nsjwzga4zejnctgvmzs4midndqwi4ru52vlg4');
INSERT INTO public."Nft" (col_id, id, token_id, owner_id, uri) VALUES (2, 16, 3, 1, 'ipfs://bafkreictdehe25kufs2wwzeebppcppuwuldvgrvynywdjvo5cvo467rmxu');
INSERT INTO public."Nft" (col_id, id, token_id, owner_id, uri) VALUES (1, 17, 10, 1, 'data:application/json;base64,eyJuYW1lIjoiQ2FrZSBORlQgIzEwIiwgImRlc2NyaXB0aW9uIjoiQSBkZWxpY2lvdXMgcHNldWRvLXJhbmRvbSBvbi1jaGFpbiBjYWtlIE5GVCEiLCAiYXR0cmlidXRlcyI6IFt7InRyYWl0X3R5cGUiOiAiUmFyaXR5IiwgInZhbHVlIjogIlVuY29tbW9uIn0seyJ0cmFpdF90eXBlIjogIk9jY2FzaW9uIiwgInZhbHVlIjogIkNlbGVicmF0aW9uIn0seyJ0cmFpdF90eXBlIjogIlJlZGVlbWFibGUiLCAidmFsdWUiOiAiTm8ifSx7InRyYWl0X3R5cGUiOiAiVHlwZSIsICJ2YWx1ZSI6ICJMZW1vbiJ9LHsidHJhaXRfdHlwZSI6ICJCYWNrZ3JvdW5kIiwgInZhbHVlIjogIlBhc3RlbCBQaW5rIn0seyJ0cmFpdF90eXBlIjogIlRva2VuIElEIiwgInZhbHVlIjogMTB9XSwgImltYWdlIjoiZGF0YTppbWFnZS9zdmcreG1sO2Jhc2U2NCxQSE4yWnlCMmFXVjNRbTk0UFNJd0lEQWdNekF3SURNd01DSWdlRzFzYm5NOUltaDBkSEE2THk5M2QzY3Vkek11YjNKbkx6SXdNREF2YzNabklqNGdQR1ZzYkdsd2MyVWdZM2c5SWpFMU1DSWdZM2s5SWpJek1DSWdjbmc5SWpFeU1DSWdjbms5SWpFMUlpQm1hV3hzUFNJak9EWTJZekF6SWlCemRISnZhMlU5SWlNNE5qWmpNRE1pSUhOMGNtOXJaUzEzYVdSMGFEMGlNUzQxSWk4K1BISmxZM1FnZUQwaU5qQWlJSGs5SWpFM01DSWdkMmxrZEdnOUlqRTRNQ0lnYUdWcFoyaDBQU0kyTUNJZ2NuZzlJakV3SWlCeWVUMGlNVEFpSUdacGJHdzlJaU14WXpCaVpUWWlJSE4wY205clpUMGlJekZqTUdKbE5pSWdjM1J5YjJ0bExYZHBaSFJvUFNJeElpOCtQSEpsWTNRZ2VEMGlPRFVpSUhrOUlqRXlNQ0lnZDJsa2RHZzlJakV6TUNJZ2FHVnBaMmgwUFNJMU1DSWdjbmc5SWpFd0lpQnllVDBpTVRBaUlHWnBiR3c5SWlNMVpUWmtNV01pSUhOMGNtOXJaVDBpSXpWbE5tUXhZeUlnYzNSeWIydGxMWGRwWkhSb1BTSXhJaTgrUEdWc2JHbHdjMlVnWTNnOUlqRTFNQ0lnWTNrOUlqRXlNQ0lnY25nOUlqWTFJaUJ5ZVQwaU1UQWlJR1pwYkd3OUlpTXhNVGN5TnpraUlITjBjbTlyWlQwaUl6RXhOekkzT1NJZ2MzUnliMnRsTFhkcFpIUm9QU0l3TGpVaUx6NDhjbVZqZENCNFBTSXhORFlpSUhrOUlqZzFJaUIzYVdSMGFEMGlPQ0lnYUdWcFoyaDBQU0l6TlNJZ1ptbHNiRDBpSXpRME5qYzRPQ0lnYzNSeWIydGxQU0lqTkRRMk56ZzRJaUJ6ZEhKdmEyVXRkMmxrZEdnOUlqQXVOU0l2UGp4d1lYUm9JR1E5SWsweE5UQXNPRFVnVVRFMU1DdzNOU0F4TlRBc09EVWdUVEUwTml3NE5TQlJNVFV3TERjMUlERTFOQ3c0TlNJZ1ptbHNiRDBpSTJabVpHUTFOU0lnYzNSeWIydGxQU0lqWm1aall6QXdJaUJ6ZEhKdmEyVXRkMmxrZEdnOUlqRWlMejQ4WTJseVkyeGxJR040UFNJeE1UVWlJR041UFNJeE5EVWlJSEk5SWpVaUlHWnBiR3c5SWlNMU1EWmlPV1VpTHo0OFkybHlZMnhsSUdONFBTSXhOVEFpSUdONVBTSXhORFVpSUhJOUlqVWlJR1pwYkd3OUlpTTFNRFppT1dVaUx6NDhZMmx5WTJ4bElHTjRQU0l4T0RVaUlHTjVQU0l4TkRVaUlISTlJalVpSUdacGJHdzlJaU0xTURaaU9XVWlMejQ4Y0dGMGFDQmtQU0pOTnpBc01UY3dJRU01TUN3eE5qQWdNVEV3TERFNE1DQXhNekFzTVRjd0lFTXhOVEFzTVRZd0lERTNNQ3d4T0RBZ01Ua3dMREUzTUNCRE1qRXdMREUyTUNBeU16QXNNVGd3SURJMU1Dd3hOekFpSUdacGJHdzlJbTV2Ym1VaUlITjBjbTlyWlQwaUkyTmxObUV6TVNJZ2MzUnliMnRsTFhkcFpIUm9QU0l6SWlCemRISnZhMlV0YkdsdVpXTmhjRDBpY205MWJtUWlMejQ4TDNOMlp6ND0ifQ==');


--
-- Data for Name: Sold; Type: TABLE DATA; Schema: public; Owner: postgres
--



--
-- Data for Name: _prisma_migrations; Type: TABLE DATA; Schema: public; Owner: postgres
--

INSERT INTO public._prisma_migrations (id, checksum, finished_at, migration_name, logs, rolled_back_at, started_at, applied_steps_count) VALUES ('73c1a09d-a2b5-4860-bff6-8395bb0aea2b', 'd5eeb982744067399d36470425bf0778cb81b2cd118304727dbbe2a5e29a02fd', '2025-12-16 21:39:17.719913+00', '20251209131535_init', NULL, NULL, '2025-12-16 21:39:17.593938+00', 1);
INSERT INTO public._prisma_migrations (id, checksum, finished_at, migration_name, logs, rolled_back_at, started_at, applied_steps_count) VALUES ('74e589fd-fda5-4e0c-8e62-0a6cf972f51b', '3f878a0d8b1054b75692d25bdcd8374f24f4c655830276f5ae3b0a3a1fbd521a', '2025-12-16 21:39:17.734136+00', '20251210204655_init', NULL, NULL, '2025-12-16 21:39:17.722849+00', 1);
INSERT INTO public._prisma_migrations (id, checksum, finished_at, migration_name, logs, rolled_back_at, started_at, applied_steps_count) VALUES ('163669e6-3803-4ef9-9e76-ea625be82d98', 'bf04f304c53164540b342568f720f33761eeeeb41b21dd1d1ae049b8288c455a', '2025-12-16 21:39:17.750448+00', '20251210204946_init', NULL, NULL, '2025-12-16 21:39:17.736896+00', 1);
INSERT INTO public._prisma_migrations (id, checksum, finished_at, migration_name, logs, rolled_back_at, started_at, applied_steps_count) VALUES ('004a9b76-6a54-438c-a768-d67f2837436b', '3bfb8a06ed99e2c2b16431615769f4c52e219e290bdb23be45b42e24ae8b8a77', '2025-12-16 21:39:17.769537+00', '20251210205044_init', NULL, NULL, '2025-12-16 21:39:17.752951+00', 1);


--
-- Name: Collection_id_seq; Type: SEQUENCE SET; Schema: public; Owner: postgres

SELECT pg_catalog.setval('public."Collection_id_seq"', 2, true);


--
-- Name: Listings_id_seq; Type: SEQUENCE SET; Schema: public; Owner: postgres
--

SELECT pg_catalog.setval('public."Listings_id_seq"', 1, false);


--
-- Name: Nft_id_seq; Type: SEQUENCE SET; Schema: public; Owner: postgres
--

SELECT pg_catalog.setval('public."Nft_id_seq"', 17, true);


--
-- Name: Sold_id_seq; Type: SEQUENCE SET; Schema: public; Owner: postgres
--

SELECT pg_catalog.setval('public."Sold_id_seq"', 1, false);


--
-- Name: User_id_seq; Type: SEQUENCE SET; Schema: public; Owner: postgres
--

SELECT pg_catalog.setval('public."User_id_seq"', 72, true);


--
-- PostgreSQL database dump complete
--

\unrestrict XlQ3zED3p9AGeJnvi97PcbJfr9slNmtAu03dHIWacSkjweStXTeKieIpWhvVS2O

